{"v":"5.5.2","fr":25,"ip":0,"op":201,"w":1125,"h":1300,"nm":"美","ddd":0,"assets":[{"id":"image_0","w":1125,"h":1300,"u":"images/","p":"img_0.png","e":0},{"id":"image_1","w":1125,"h":1300,"u":"images/","p":"img_1.png","e":0},{"id":"comp_0","layers":[{"ddd":0,"ind":1,"ty":3,"nm":"Shape Layer 64","parent":27,"sr":1,"ks":{"o":{"a":0,"k":100,"ix":11},"r":{"a":0,"k":-8,"ix":10},"p":{"a":0,"k":[58.477,56.148,0],"ix":2},"a":{"a":0,"k":[0,0,0],"ix":1},"s":{"a":0,"k":[100,100,100],"ix":6}},"ao":0,"ip":0,"op":101,"st":0,"bm":0},{"ddd":0,"ind":2,"ty":4,"nm":"Shape Layer 63","parent":1,"sr":1,"ks":{"o":{"a":0,"k":100,"ix":11},"r":{"a":0,"k":-12,"ix":10},"p":{"a":0,"k":[-26.697,-6.756,0],"ix":2},"a":{"a":0,"k":[7.564,9.291,0],"ix":1},"s":{"a":0,"k":[100,100,100],"ix":6}},"ao":0,"shapes":[{"ty":"gr","it":[{"ind":0,"ty":"sh","ix":1,"ks":{"a":0,"k":{"i":[[0.009,-0.038],[0,0],[-0.045,-0.01],[0,0],[-0.01,0.045],[0,0],[0.045,0.01],[0,0],[0.007,0]],"o":[[0,0],[-0.01,0.046],[0,0],[0.043,0.011],[0,0],[0.008,-0.045],[0,0],[-0.007,-0.002],[-0.037,0]],"v":[[-61.547,399.701],[-63.16,406.99],[-63.097,407.09],[-60.248,407.715],[-60.15,407.652],[-58.534,400.363],[-58.599,400.264],[-61.447,399.639],[-61.467,399.636]],"c":true},"ix":2},"nm":"Path 2","mn":"ADBE Vector Shape - Group","hd":false},{"ty":"fl","c":{"a":0,"k":[1,1,1,1],"ix":4},"o":{"a":0,"k":100,"ix":5},"r":1,"bm":0,"nm":"Fill 1","mn":"ADBE Vector Graphic - Fill","hd":false},{"ty":"tr","p":{"a":0,"k":[68.412,-394.386],"ix":2},"a":{"a":0,"k":[0,0],"ix":1},"s":{"a":0,"k":[100,100],"ix":3},"r":{"a":0,"k":0,"ix":6},"o":{"a":0,"k":100,"ix":7},"sk":{"a":0,"k":0,"ix":4},"sa":{"a":0,"k":0,"ix":5},"nm":"Transform"}],"nm":"Group 1","np":2,"cix":2,"bm":0,"ix":1,"mn":"ADBE Vector Group","hd":false}],"ip":32,"op":56,"st":12,"bm":0},{"ddd":0,"ind":3,"ty":4,"nm":"Shape Layer 62","parent":1,"sr":1,"ks":{"o":{"a":0,"k":100,"ix":11},"r":{"a":0,"k":-12,"ix":10},"p":{"a":0,"k":[-24.945,-7.975,0],"ix":2},"a":{"a":0,"k":[13.064,18.891,0],"ix":1},"s":{"a":0,"k":[100,100,100],"ix":6}},"ao":0,"shapes":[{"ty":"gr","it":[{"ind":0,"ty":"sh","ix":1,"ks":{"a":0,"k":{"i":[[0.028,-0.131],[0,0],[-0.153,-0.034],[0,0],[-0.034,0.153],[0,0],[0.152,0.033],[0,0],[0.02,0]],"o":[[0,0],[-0.035,0.152],[0,0],[0.151,0.034],[0,0],[0.034,-0.15],[0,0],[-0.021,-0.004],[-0.129,0]],"v":[[-61.235,389.428],[-66.686,414.034],[-66.471,414.369],[-56.856,416.483],[-56.522,416.269],[-51.073,391.663],[-51.286,391.33],[-60.901,389.215],[-60.962,389.209]],"c":true},"ix":2},"nm":"Path 2","mn":"ADBE Vector Shape - Group","hd":false},{"ty":"fl","c":{"a":0,"k":[0.016000001571,0,0,1],"ix":4},"o":{"a":0,"k":100,"ix":5},"r":1,"bm":0,"nm":"Fill 1","mn":"ADBE Vector Graphic - Fill","hd":false},{"ty":"tr","p":{"a":0,"k":[71.943,-383.958],"ix":2},"a":{"a":0,"k":[0,0],"ix":1},"s":{"a":0,"k":[100,100],"ix":3},"r":{"a":0,"k":0,"ix":6},"o":{"a":0,"k":100,"ix":7},"sk":{"a":0,"k":0,"ix":4},"sa":{"a":0,"k":0,"ix":5},"nm":"Transform"}],"nm":"Group 1","np":2,"cix":2,"bm":0,"ix":1,"mn":"ADBE Vector Group","hd":false}],"ip":32,"op":56,"st":12,"bm":0},{"ddd":0,"ind":4,"ty":4,"nm":"Shape Layer 61","parent":1,"sr":1,"ks":{"o":{"a":0,"k":100,"ix":11},"r":{"a":0,"k":10,"ix":10},"p":{"a":0,"k":[28.459,-3.146,0],"ix":2},"a":{"a":0,"k":[10.446,8.246,0],"ix":1},"s":{"a":0,"k":[-100,100,100],"ix":6}},"ao":0,"shapes":[{"ty":"gr","it":[{"ind":0,"ty":"sh","ix":1,"ks":{"a":0,"k":{"i":[[0,0],[0,0],[0,0],[0,0],[0,0],[0,0]],"o":[[0,0],[0,0],[0,0],[0,0],[0,0],[0,0]],"v":[[-8.904,-6.212],[4.682,2.962],[-10.195,5.879],[-9.776,7.996],[10.195,4.078],[-7.69,-7.996]],"c":true},"ix":2},"nm":"Path 1","mn":"ADBE Vector Shape - Group","hd":false},{"ty":"fl","c":{"a":0,"k":[0.016000001571,0,0,1],"ix":4},"o":{"a":0,"k":100,"ix":5},"r":1,"bm":0,"nm":"Fill 1","mn":"ADBE Vector Graphic - Fill","hd":false},{"ty":"tr","p":{"a":0,"k":[10.445,8.247],"ix":2},"a":{"a":0,"k":[0,0],"ix":1},"s":{"a":0,"k":[100,100],"ix":3},"r":{"a":0,"k":0,"ix":6},"o":{"a":0,"k":100,"ix":7},"sk":{"a":0,"k":0,"ix":4},"sa":{"a":0,"k":0,"ix":5},"nm":"Transform"}],"nm":"Group 1","np":2,"cix":2,"bm":0,"ix":1,"mn":"ADBE Vector Group","hd":false}],"ip":32,"op":56,"st":12,"bm":0},{"ddd":0,"ind":5,"ty":4,"nm":"Shape Layer 69","parent":1,"sr":1,"ks":{"o":{"a":0,"k":100,"ix":11},"r":{"a":0,"k":-5,"ix":10},"p":{"a":0,"k":[21.732,-1.905,0],"ix":2},"a":{"a":0,"k":[7.564,9.291,0],"ix":1},"s":{"a":0,"k":[100,100,100],"ix":6}},"ao":0,"shapes":[{"ty":"gr","it":[{"ind":0,"ty":"sh","ix":1,"ks":{"a":0,"k":{"i":[[0.009,-0.038],[0,0],[-0.045,-0.01],[0,0],[-0.01,0.045],[0,0],[0.045,0.01],[0,0],[0.007,0]],"o":[[0,0],[-0.01,0.046],[0,0],[0.043,0.011],[0,0],[0.008,-0.045],[0,0],[-0.007,-0.002],[-0.037,0]],"v":[[-61.547,399.701],[-63.16,406.99],[-63.097,407.09],[-60.248,407.715],[-60.15,407.652],[-58.534,400.363],[-58.599,400.264],[-61.447,399.639],[-61.467,399.636]],"c":true},"ix":2},"nm":"Path 2","mn":"ADBE Vector Shape - Group","hd":false},{"ty":"fl","c":{"a":0,"k":[1,1,1,1],"ix":4},"o":{"a":0,"k":100,"ix":5},"r":1,"bm":0,"nm":"Fill 1","mn":"ADBE Vector Graphic - Fill","hd":false},{"ty":"tr","p":{"a":0,"k":[68.412,-394.386],"ix":2},"a":{"a":0,"k":[0,0],"ix":1},"s":{"a":0,"k":[100,100],"ix":3},"r":{"a":0,"k":0,"ix":6},"o":{"a":0,"k":100,"ix":7},"sk":{"a":0,"k":0,"ix":4},"sa":{"a":0,"k":0,"ix":5},"nm":"Transform"}],"nm":"Group 1","np":2,"cix":2,"bm":0,"ix":1,"mn":"ADBE Vector Group","hd":false}],"ip":92,"op":101,"st":72,"bm":0},{"ddd":0,"ind":6,"ty":4,"nm":"Shape Layer 68","parent":1,"sr":1,"ks":{"o":{"a":0,"k":100,"ix":11},"r":{"a":0,"k":-5,"ix":10},"p":{"a":0,"k":[23.621,-2.901,0],"ix":2},"a":{"a":0,"k":[13.064,18.891,0],"ix":1},"s":{"a":0,"k":[100,100,100],"ix":6}},"ao":0,"shapes":[{"ty":"gr","it":[{"ind":0,"ty":"sh","ix":1,"ks":{"a":0,"k":{"i":[[0.028,-0.131],[0,0],[-0.153,-0.034],[0,0],[-0.034,0.153],[0,0],[0.152,0.033],[0,0],[0.02,0]],"o":[[0,0],[-0.035,0.152],[0,0],[0.151,0.034],[0,0],[0.034,-0.15],[0,0],[-0.021,-0.004],[-0.129,0]],"v":[[-61.235,389.428],[-66.686,414.034],[-66.471,414.369],[-56.856,416.483],[-56.522,416.269],[-51.073,391.663],[-51.286,391.33],[-60.901,389.215],[-60.962,389.209]],"c":true},"ix":2},"nm":"Path 2","mn":"ADBE Vector Shape - Group","hd":false},{"ty":"fl","c":{"a":0,"k":[0.016000001571,0,0,1],"ix":4},"o":{"a":0,"k":100,"ix":5},"r":1,"bm":0,"nm":"Fill 1","mn":"ADBE Vector Graphic - Fill","hd":false},{"ty":"tr","p":{"a":0,"k":[71.943,-383.958],"ix":2},"a":{"a":0,"k":[0,0],"ix":1},"s":{"a":0,"k":[100,100],"ix":3},"r":{"a":0,"k":0,"ix":6},"o":{"a":0,"k":100,"ix":7},"sk":{"a":0,"k":0,"ix":4},"sa":{"a":0,"k":0,"ix":5},"nm":"Transform"}],"nm":"Group 1","np":2,"cix":2,"bm":0,"ix":1,"mn":"ADBE Vector Group","hd":false}],"ip":92,"op":101,"st":72,"bm":0},{"ddd":0,"ind":7,"ty":4,"nm":"Shape Layer 67","parent":1,"sr":1,"ks":{"o":{"a":0,"k":100,"ix":11},"r":{"a":0,"k":0,"ix":10},"p":{"a":0,"k":[-24.279,-9.064,0],"ix":2},"a":{"a":0,"k":[10.446,8.246,0],"ix":1},"s":{"a":0,"k":[100,100,100],"ix":6}},"ao":0,"shapes":[{"ty":"gr","it":[{"ind":0,"ty":"sh","ix":1,"ks":{"a":0,"k":{"i":[[0,0],[0,0],[0,0],[0,0],[0,0],[0,0]],"o":[[0,0],[0,0],[0,0],[0,0],[0,0],[0,0]],"v":[[-8.904,-6.212],[4.682,2.962],[-10.195,5.879],[-9.776,7.996],[10.195,4.078],[-7.69,-7.996]],"c":true},"ix":2},"nm":"Path 1","mn":"ADBE Vector Shape - Group","hd":false},{"ty":"fl","c":{"a":0,"k":[0.016000001571,0,0,1],"ix":4},"o":{"a":0,"k":100,"ix":5},"r":1,"bm":0,"nm":"Fill 1","mn":"ADBE Vector Graphic - Fill","hd":false},{"ty":"tr","p":{"a":0,"k":[10.445,8.247],"ix":2},"a":{"a":0,"k":[0,0],"ix":1},"s":{"a":0,"k":[100,100],"ix":3},"r":{"a":0,"k":0,"ix":6},"o":{"a":0,"k":100,"ix":7},"sk":{"a":0,"k":0,"ix":4},"sa":{"a":0,"k":0,"ix":5},"nm":"Transform"}],"nm":"Group 1","np":2,"cix":2,"bm":0,"ix":1,"mn":"ADBE Vector Group","hd":false}],"ip":92,"op":101,"st":72,"bm":0},{"ddd":0,"ind":8,"ty":4,"nm":"Shape Layer 40","parent":1,"sr":1,"ks":{"o":{"a":0,"k":100,"ix":11},"r":{"a":0,"k":-5,"ix":10},"p":{"a":0,"k":[21.732,-1.905,0],"ix":2},"a":{"a":0,"k":[7.564,9.291,0],"ix":1},"s":{"a":0,"k":[100,100,100],"ix":6}},"ao":0,"shapes":[{"ty":"gr","it":[{"ind":0,"ty":"sh","ix":1,"ks":{"a":0,"k":{"i":[[0.009,-0.038],[0,0],[-0.045,-0.01],[0,0],[-0.01,0.045],[0,0],[0.045,0.01],[0,0],[0.007,0]],"o":[[0,0],[-0.01,0.046],[0,0],[0.043,0.011],[0,0],[0.008,-0.045],[0,0],[-0.007,-0.002],[-0.037,0]],"v":[[-61.547,399.701],[-63.16,406.99],[-63.097,407.09],[-60.248,407.715],[-60.15,407.652],[-58.534,400.363],[-58.599,400.264],[-61.447,399.639],[-61.467,399.636]],"c":true},"ix":2},"nm":"Path 2","mn":"ADBE Vector Shape - Group","hd":false},{"ty":"fl","c":{"a":0,"k":[1,1,1,1],"ix":4},"o":{"a":0,"k":100,"ix":5},"r":1,"bm":0,"nm":"Fill 1","mn":"ADBE Vector Graphic - Fill","hd":false},{"ty":"tr","p":{"a":0,"k":[68.412,-394.386],"ix":2},"a":{"a":0,"k":[0,0],"ix":1},"s":{"a":0,"k":[100,100],"ix":3},"r":{"a":0,"k":0,"ix":6},"o":{"a":0,"k":100,"ix":7},"sk":{"a":0,"k":0,"ix":4},"sa":{"a":0,"k":0,"ix":5},"nm":"Transform"}],"nm":"Group 1","np":2,"cix":2,"bm":0,"ix":1,"mn":"ADBE Vector Group","hd":false}],"ip":0,"op":24,"st":-20,"bm":0},{"ddd":0,"ind":9,"ty":4,"nm":"Shape Layer 39","parent":1,"sr":1,"ks":{"o":{"a":0,"k":100,"ix":11},"r":{"a":0,"k":-5,"ix":10},"p":{"a":0,"k":[23.621,-2.901,0],"ix":2},"a":{"a":0,"k":[13.064,18.891,0],"ix":1},"s":{"a":0,"k":[100,100,100],"ix":6}},"ao":0,"shapes":[{"ty":"gr","it":[{"ind":0,"ty":"sh","ix":1,"ks":{"a":0,"k":{"i":[[0.028,-0.131],[0,0],[-0.153,-0.034],[0,0],[-0.034,0.153],[0,0],[0.152,0.033],[0,0],[0.02,0]],"o":[[0,0],[-0.035,0.152],[0,0],[0.151,0.034],[0,0],[0.034,-0.15],[0,0],[-0.021,-0.004],[-0.129,0]],"v":[[-61.235,389.428],[-66.686,414.034],[-66.471,414.369],[-56.856,416.483],[-56.522,416.269],[-51.073,391.663],[-51.286,391.33],[-60.901,389.215],[-60.962,389.209]],"c":true},"ix":2},"nm":"Path 2","mn":"ADBE Vector Shape - Group","hd":false},{"ty":"fl","c":{"a":0,"k":[0.016000001571,0,0,1],"ix":4},"o":{"a":0,"k":100,"ix":5},"r":1,"bm":0,"nm":"Fill 1","mn":"ADBE Vector Graphic - Fill","hd":false},{"ty":"tr","p":{"a":0,"k":[71.943,-383.958],"ix":2},"a":{"a":0,"k":[0,0],"ix":1},"s":{"a":0,"k":[100,100],"ix":3},"r":{"a":0,"k":0,"ix":6},"o":{"a":0,"k":100,"ix":7},"sk":{"a":0,"k":0,"ix":4},"sa":{"a":0,"k":0,"ix":5},"nm":"Transform"}],"nm":"Group 1","np":2,"cix":2,"bm":0,"ix":1,"mn":"ADBE Vector Group","hd":false}],"ip":0,"op":24,"st":-20,"bm":0},{"ddd":0,"ind":10,"ty":4,"nm":"Shape Layer 38","parent":1,"sr":1,"ks":{"o":{"a":0,"k":100,"ix":11},"r":{"a":0,"k":0,"ix":10},"p":{"a":0,"k":[-24.279,-9.064,0],"ix":2},"a":{"a":0,"k":[10.446,8.246,0],"ix":1},"s":{"a":0,"k":[100,100,100],"ix":6}},"ao":0,"shapes":[{"ty":"gr","it":[{"ind":0,"ty":"sh","ix":1,"ks":{"a":0,"k":{"i":[[0,0],[0,0],[0,0],[0,0],[0,0],[0,0]],"o":[[0,0],[0,0],[0,0],[0,0],[0,0],[0,0]],"v":[[-8.904,-6.212],[4.682,2.962],[-10.195,5.879],[-9.776,7.996],[10.195,4.078],[-7.69,-7.996]],"c":true},"ix":2},"nm":"Path 1","mn":"ADBE Vector Shape - Group","hd":false},{"ty":"fl","c":{"a":0,"k":[0.016000001571,0,0,1],"ix":4},"o":{"a":0,"k":100,"ix":5},"r":1,"bm":0,"nm":"Fill 1","mn":"ADBE Vector Graphic - Fill","hd":false},{"ty":"tr","p":{"a":0,"k":[10.445,8.247],"ix":2},"a":{"a":0,"k":[0,0],"ix":1},"s":{"a":0,"k":[100,100],"ix":3},"r":{"a":0,"k":0,"ix":6},"o":{"a":0,"k":100,"ix":7},"sk":{"a":0,"k":0,"ix":4},"sa":{"a":0,"k":0,"ix":5},"nm":"Transform"}],"nm":"Group 1","np":2,"cix":2,"bm":0,"ix":1,"mn":"ADBE Vector Group","hd":false}],"ip":0,"op":24,"st":-20,"bm":0},{"ddd":0,"ind":11,"ty":4,"nm":"Shape Layer 66","parent":27,"sr":1,"ks":{"o":{"a":0,"k":100,"ix":11},"r":{"a":0,"k":0,"ix":10},"p":{"a":0,"k":[86.109,51.088,0],"ix":2},"a":{"a":0,"k":[16.281,10.458,0],"ix":1},"s":{"a":0,"k":[100,100,100],"ix":6}},"ao":0,"shapes":[{"ty":"gr","it":[{"ind":0,"ty":"sh","ix":1,"ks":{"a":0,"k":{"i":[[0.208,-0.003],[0.259,-0.023],[0.247,-0.043],[0.859,-0.402],[0.374,-0.258],[0.308,-0.3],[0.258,-0.302],[0.223,-0.29],[0.28,-0.513],[0.15,-0.391],[0.054,-0.217],[0,0],[-0.116,0.189],[-0.23,0.331],[-0.989,0.921],[-0.29,0.216],[-0.315,0.211],[-0.334,0.206],[-0.365,0.165],[-0.833,0.1],[0,0],[0,0],[-0.62,-0.071],[-0.554,-0.206],[-0.687,-0.42],[-0.328,-0.215],[-0.294,-0.24],[-0.252,-0.255],[-0.208,-0.263],[-0.308,-0.466],[-0.202,-0.352],[-0.097,-0.196],[0,0],[0.126,0.496],[0.114,0.292],[0.353,0.632],[0.205,0.337],[0.254,0.339],[0.32,0.313],[0.386,0.267],[0.447,0.208],[0.326,0.124],[0.928,0.175],[0.461,0.047],[0.05,0]],"o":[[-0.264,0.012],[-0.251,0.043],[-0.993,0.158],[-0.415,0.231],[-0.36,0.277],[-0.318,0.287],[-0.277,0.29],[-0.455,0.572],[-0.284,0.513],[-0.151,0.389],[-0.049,0.215],[0,0],[0.109,-0.19],[0.477,-0.657],[0.248,-0.231],[0.275,-0.232],[0.302,-0.229],[0.348,-0.181],[0.756,-0.278],[0,0],[0,0],[0.469,-0.03],[0.863,0.101],[0.797,0.252],[0.352,0.196],[0.311,0.242],[0.266,0.271],[0.234,0.274],[0.416,0.533],[0.302,0.467],[0.196,0.354],[0.098,0.195],[-0.047,-0.345],[-0.167,-0.657],[-0.207,-0.542],[-0.177,-0.318],[-0.223,-0.327],[-0.284,-0.313],[-0.338,-0.294],[-0.39,-0.263],[-0.59,-0.274],[-0.557,-0.208],[-0.461,-0.049],[-0.048,-0.002],[-0.205,0]],"v":[[28.846,418.897],[28.059,418.94],[27.312,419.067],[24.524,419.992],[23.324,420.703],[22.281,421.512],[21.395,422.375],[20.656,423.254],[19.579,424.915],[18.948,426.289],[18.653,427.21],[18.577,427.539],[18.756,427.252],[19.287,426.468],[21.482,423.992],[22.281,423.313],[23.174,422.656],[24.161,422.054],[25.237,421.543],[27.616,420.91],[28.24,420.822],[28.849,420.805],[30.495,420.846],[32.633,421.362],[34.852,422.414],[35.83,423.096],[36.712,423.848],[37.49,424.637],[38.174,425.429],[39.271,426.93],[40.036,428.165],[40.489,428.994],[40.64,429.296],[40.392,428.02],[39.928,426.593],[39.099,424.815],[38.509,423.848],[37.777,422.865],[36.885,421.912],[35.83,421.026],[34.612,420.255],[33.251,419.651],[31.011,419.03],[29.627,418.883],[29.481,418.88]],"c":true},"ix":2},"nm":"Path 2","mn":"ADBE Vector Shape - Group","hd":false},{"ty":"fl","c":{"a":0,"k":[0.016000001571,0,0.004000000393,1],"ix":4},"o":{"a":0,"k":100,"ix":5},"r":1,"bm":0,"nm":"Fill 1","mn":"ADBE Vector Graphic - Fill","hd":false},{"ty":"tr","p":{"a":0,"k":[-13.327,-413.63],"ix":2},"a":{"a":0,"k":[0,0],"ix":1},"s":{"a":0,"k":[100,100],"ix":3},"r":{"a":0,"k":0,"ix":6},"o":{"a":0,"k":100,"ix":7},"sk":{"a":0,"k":0,"ix":4},"sa":{"a":0,"k":0,"ix":5},"nm":"Transform"}],"nm":"Group 1","np":2,"cix":2,"bm":0,"ix":1,"mn":"ADBE Vector Group","hd":false}],"ip":56,"op":92,"st":0,"bm":0},{"ddd":0,"ind":12,"ty":4,"nm":"Shape Layer 65","parent":27,"sr":1,"ks":{"o":{"a":0,"k":100,"ix":11},"r":{"a":0,"k":0,"ix":10},"p":{"a":0,"k":[31.118,51.647,0],"ix":2},"a":{"a":0,"k":[16.275,10.552,0],"ix":1},"s":{"a":0,"k":[100,100,100],"ix":6}},"ao":0,"shapes":[{"ty":"gr","it":[{"ind":0,"ty":"sh","ix":1,"ks":{"a":0,"k":{"i":[[0.073,-0.004],[0,0],[0,0],[0,0],[0,0],[0,0],[0,0],[0,0],[0,0],[0,0],[0.236,-0.092],[0.236,-0.088],[0.432,-0.235],[0.389,-0.27],[0.338,-0.299],[0.283,-0.316],[0.219,-0.329],[0.171,-0.322],[0.205,-0.547],[0.106,-0.402],[0,0],[-0.097,0.197],[-0.196,0.358],[-0.3,0.472],[-0.411,0.54],[-0.233,0.277],[-0.266,0.277],[-0.306,0.246],[-0.351,0.204],[-0.793,0.263],[0,0],[-0.205,0.052],[0,0],[0,0],[0,0],[-0.003,0],[0,0],[0,0],[0.01,-0.002],[0.001,0],[0,0],[0,0],[0,0],[0,0],[-0.118,-0.004],[-0.085,0.002],[0,0],[0,0],[-0.757,-0.266],[-0.351,-0.173],[-0.303,-0.226],[-0.276,-0.228],[-0.248,-0.226],[-0.48,-0.647],[-0.11,-0.189],[0,0],[0.051,0.216],[0.154,0.387],[0.286,0.507],[0.459,0.566],[0.276,0.283],[0.321,0.278],[0.362,0.27],[0.417,0.224],[0.996,0.139],[0.249,0.039],[0.262,0.007],[0.182,0]],"o":[[0,0],[0,0],[0,0],[0,0],[0,0],[-0.113,0.012],[0,0],[0,0],[0,0],[-0.245,0.064],[-0.238,0.091],[-0.48,0.156],[-0.442,0.216],[-0.385,0.275],[-0.317,0.32],[-0.249,0.343],[-0.203,0.34],[-0.351,0.635],[-0.209,0.543],[-0.204,0.807],[0,0],[0.097,-0.199],[0.198,-0.355],[0.304,-0.471],[0.207,-0.268],[0.25,-0.26],[0.291,-0.245],[0.327,-0.222],[0.685,-0.431],[0,0],[0.199,-0.069],[0,0],[0,0],[0,0],[-0.005,0.001],[0,0],[0,0],[0.069,-0.008],[-0.001,0],[0,0],[0,0],[0,0],[0,0],[0.131,-0.007],[0.081,0.002],[0,0],[0,0],[0.834,0.09],[0.368,0.159],[0.333,0.2],[0.315,0.205],[0.292,0.21],[0.995,0.903],[0.233,0.329],[0.119,0.185],[0,0],[-0.054,-0.215],[-0.151,-0.389],[-0.284,-0.51],[-0.223,-0.288],[-0.263,-0.3],[-0.308,-0.297],[-0.375,-0.251],[-0.861,-0.389],[-0.248,-0.038],[-0.259,-0.019],[-0.181,0],[-0.078,0]],"v":[[-25.466,419.35],[-26.164,419.415],[-26.514,419.452],[-26.687,419.469],[-26.731,419.473],[-26.754,419.477],[-26.821,419.487],[-26.833,419.488],[-26.924,419.509],[-27.672,419.676],[-28.405,419.868],[-29.116,420.137],[-30.459,420.785],[-31.661,421.587],[-32.707,422.496],[-33.591,423.466],[-34.313,424.463],[-34.895,425.444],[-35.715,427.235],[-36.166,428.669],[-36.406,429.949],[-36.257,429.646],[-35.807,428.807],[-35.052,427.56],[-33.967,426.041],[-33.287,425.238],[-32.515,424.434],[-31.64,423.669],[-30.666,422.969],[-28.453,421.881],[-27.857,421.678],[-27.239,421.535],[-26.617,421.4],[-26.538,421.383],[-26.529,421.381],[-26.531,421.381],[-26.555,421.383],[-26.575,421.385],[-26.527,421.38],[-26.531,421.381],[-26.51,421.379],[-26.335,421.364],[-25.986,421.331],[-25.286,421.258],[-24.917,421.258],[-24.67,421.261],[-24.063,421.27],[-23.439,421.342],[-21.057,421.936],[-19.976,422.429],[-18.986,423.016],[-18.089,423.655],[-17.286,424.32],[-15.074,426.758],[-14.538,427.534],[-14.358,427.82],[-14.436,427.49],[-14.736,426.575],[-15.375,425.213],[-16.466,423.568],[-17.207,422.704],[-18.102,421.856],[-19.151,421.063],[-20.355,420.372],[-23.149,419.495],[-23.896,419.38],[-24.683,419.353],[-25.238,419.344]],"c":true},"ix":2},"nm":"Path 2","mn":"ADBE Vector Shape - Group","hd":false},{"ty":"fl","c":{"a":0,"k":[0.016000001571,0,0.004000000393,1],"ix":4},"o":{"a":0,"k":100,"ix":5},"r":1,"bm":0,"nm":"Fill 1","mn":"ADBE Vector Graphic - Fill","hd":false},{"ty":"tr","p":{"a":0,"k":[41.656,-414.094],"ix":2},"a":{"a":0,"k":[0,0],"ix":1},"s":{"a":0,"k":[100,100],"ix":3},"r":{"a":0,"k":0,"ix":6},"o":{"a":0,"k":100,"ix":7},"sk":{"a":0,"k":0,"ix":4},"sa":{"a":0,"k":0,"ix":5},"nm":"Transform"}],"nm":"Group 1","np":2,"cix":2,"bm":0,"ix":1,"mn":"ADBE Vector Group","hd":false}],"ip":56,"op":92,"st":0,"bm":0},{"ddd":0,"ind":13,"ty":4,"nm":"Shape Layer 10","parent":27,"sr":1,"ks":{"o":{"a":0,"k":100,"ix":11},"r":{"a":0,"k":0,"ix":10},"p":{"a":0,"k":[86.109,51.088,0],"ix":2},"a":{"a":0,"k":[16.281,10.458,0],"ix":1},"s":{"a":0,"k":[100,100,100],"ix":6}},"ao":0,"shapes":[{"ty":"gr","it":[{"ind":0,"ty":"sh","ix":1,"ks":{"a":0,"k":{"i":[[0.208,-0.003],[0.259,-0.023],[0.247,-0.043],[0.859,-0.402],[0.374,-0.258],[0.308,-0.3],[0.258,-0.302],[0.223,-0.29],[0.28,-0.513],[0.15,-0.391],[0.054,-0.217],[0,0],[-0.116,0.189],[-0.23,0.331],[-0.989,0.921],[-0.29,0.216],[-0.315,0.211],[-0.334,0.206],[-0.365,0.165],[-0.833,0.1],[0,0],[0,0],[-0.62,-0.071],[-0.554,-0.206],[-0.687,-0.42],[-0.328,-0.215],[-0.294,-0.24],[-0.252,-0.255],[-0.208,-0.263],[-0.308,-0.466],[-0.202,-0.352],[-0.097,-0.196],[0,0],[0.126,0.496],[0.114,0.292],[0.353,0.632],[0.205,0.337],[0.254,0.339],[0.32,0.313],[0.386,0.267],[0.447,0.208],[0.326,0.124],[0.928,0.175],[0.461,0.047],[0.05,0]],"o":[[-0.264,0.012],[-0.251,0.043],[-0.993,0.158],[-0.415,0.231],[-0.36,0.277],[-0.318,0.287],[-0.277,0.29],[-0.455,0.572],[-0.284,0.513],[-0.151,0.389],[-0.049,0.215],[0,0],[0.109,-0.19],[0.477,-0.657],[0.248,-0.231],[0.275,-0.232],[0.302,-0.229],[0.348,-0.181],[0.756,-0.278],[0,0],[0,0],[0.469,-0.03],[0.863,0.101],[0.797,0.252],[0.352,0.196],[0.311,0.242],[0.266,0.271],[0.234,0.274],[0.416,0.533],[0.302,0.467],[0.196,0.354],[0.098,0.195],[-0.047,-0.345],[-0.167,-0.657],[-0.207,-0.542],[-0.177,-0.318],[-0.223,-0.327],[-0.284,-0.313],[-0.338,-0.294],[-0.39,-0.263],[-0.59,-0.274],[-0.557,-0.208],[-0.461,-0.049],[-0.048,-0.002],[-0.205,0]],"v":[[28.846,418.897],[28.059,418.94],[27.312,419.067],[24.524,419.992],[23.324,420.703],[22.281,421.512],[21.395,422.375],[20.656,423.254],[19.579,424.915],[18.948,426.289],[18.653,427.21],[18.577,427.539],[18.756,427.252],[19.287,426.468],[21.482,423.992],[22.281,423.313],[23.174,422.656],[24.161,422.054],[25.237,421.543],[27.616,420.91],[28.24,420.822],[28.849,420.805],[30.495,420.846],[32.633,421.362],[34.852,422.414],[35.83,423.096],[36.712,423.848],[37.49,424.637],[38.174,425.429],[39.271,426.93],[40.036,428.165],[40.489,428.994],[40.64,429.296],[40.392,428.02],[39.928,426.593],[39.099,424.815],[38.509,423.848],[37.777,422.865],[36.885,421.912],[35.83,421.026],[34.612,420.255],[33.251,419.651],[31.011,419.03],[29.627,418.883],[29.481,418.88]],"c":true},"ix":2},"nm":"Path 2","mn":"ADBE Vector Shape - Group","hd":false},{"ty":"fl","c":{"a":0,"k":[0.016000001571,0,0.004000000393,1],"ix":4},"o":{"a":0,"k":100,"ix":5},"r":1,"bm":0,"nm":"Fill 1","mn":"ADBE Vector Graphic - Fill","hd":false},{"ty":"tr","p":{"a":0,"k":[-13.327,-413.63],"ix":2},"a":{"a":0,"k":[0,0],"ix":1},"s":{"a":0,"k":[100,100],"ix":3},"r":{"a":0,"k":0,"ix":6},"o":{"a":0,"k":100,"ix":7},"sk":{"a":0,"k":0,"ix":4},"sa":{"a":0,"k":0,"ix":5},"nm":"Transform"}],"nm":"Group 1","np":2,"cix":2,"bm":0,"ix":1,"mn":"ADBE Vector Group","hd":false}],"ip":24,"op":32,"st":0,"bm":0},{"ddd":0,"ind":14,"ty":4,"nm":"Shape Layer 11","parent":27,"sr":1,"ks":{"o":{"a":0,"k":100,"ix":11},"r":{"a":0,"k":0,"ix":10},"p":{"a":0,"k":[31.118,51.647,0],"ix":2},"a":{"a":0,"k":[16.275,10.552,0],"ix":1},"s":{"a":0,"k":[100,100,100],"ix":6}},"ao":0,"shapes":[{"ty":"gr","it":[{"ind":0,"ty":"sh","ix":1,"ks":{"a":0,"k":{"i":[[0.073,-0.004],[0,0],[0,0],[0,0],[0,0],[0,0],[0,0],[0,0],[0,0],[0,0],[0.236,-0.092],[0.236,-0.088],[0.432,-0.235],[0.389,-0.27],[0.338,-0.299],[0.283,-0.316],[0.219,-0.329],[0.171,-0.322],[0.205,-0.547],[0.106,-0.402],[0,0],[-0.097,0.197],[-0.196,0.358],[-0.3,0.472],[-0.411,0.54],[-0.233,0.277],[-0.266,0.277],[-0.306,0.246],[-0.351,0.204],[-0.793,0.263],[0,0],[-0.205,0.052],[0,0],[0,0],[0,0],[-0.003,0],[0,0],[0,0],[0.01,-0.002],[0.001,0],[0,0],[0,0],[0,0],[0,0],[-0.118,-0.004],[-0.085,0.002],[0,0],[0,0],[-0.757,-0.266],[-0.351,-0.173],[-0.303,-0.226],[-0.276,-0.228],[-0.248,-0.226],[-0.48,-0.647],[-0.11,-0.189],[0,0],[0.051,0.216],[0.154,0.387],[0.286,0.507],[0.459,0.566],[0.276,0.283],[0.321,0.278],[0.362,0.27],[0.417,0.224],[0.996,0.139],[0.249,0.039],[0.262,0.007],[0.182,0]],"o":[[0,0],[0,0],[0,0],[0,0],[0,0],[-0.113,0.012],[0,0],[0,0],[0,0],[-0.245,0.064],[-0.238,0.091],[-0.48,0.156],[-0.442,0.216],[-0.385,0.275],[-0.317,0.32],[-0.249,0.343],[-0.203,0.34],[-0.351,0.635],[-0.209,0.543],[-0.204,0.807],[0,0],[0.097,-0.199],[0.198,-0.355],[0.304,-0.471],[0.207,-0.268],[0.25,-0.26],[0.291,-0.245],[0.327,-0.222],[0.685,-0.431],[0,0],[0.199,-0.069],[0,0],[0,0],[0,0],[-0.005,0.001],[0,0],[0,0],[0.069,-0.008],[-0.001,0],[0,0],[0,0],[0,0],[0,0],[0.131,-0.007],[0.081,0.002],[0,0],[0,0],[0.834,0.09],[0.368,0.159],[0.333,0.2],[0.315,0.205],[0.292,0.21],[0.995,0.903],[0.233,0.329],[0.119,0.185],[0,0],[-0.054,-0.215],[-0.151,-0.389],[-0.284,-0.51],[-0.223,-0.288],[-0.263,-0.3],[-0.308,-0.297],[-0.375,-0.251],[-0.861,-0.389],[-0.248,-0.038],[-0.259,-0.019],[-0.181,0],[-0.078,0]],"v":[[-25.466,419.35],[-26.164,419.415],[-26.514,419.452],[-26.687,419.469],[-26.731,419.473],[-26.754,419.477],[-26.821,419.487],[-26.833,419.488],[-26.924,419.509],[-27.672,419.676],[-28.405,419.868],[-29.116,420.137],[-30.459,420.785],[-31.661,421.587],[-32.707,422.496],[-33.591,423.466],[-34.313,424.463],[-34.895,425.444],[-35.715,427.235],[-36.166,428.669],[-36.406,429.949],[-36.257,429.646],[-35.807,428.807],[-35.052,427.56],[-33.967,426.041],[-33.287,425.238],[-32.515,424.434],[-31.64,423.669],[-30.666,422.969],[-28.453,421.881],[-27.857,421.678],[-27.239,421.535],[-26.617,421.4],[-26.538,421.383],[-26.529,421.381],[-26.531,421.381],[-26.555,421.383],[-26.575,421.385],[-26.527,421.38],[-26.531,421.381],[-26.51,421.379],[-26.335,421.364],[-25.986,421.331],[-25.286,421.258],[-24.917,421.258],[-24.67,421.261],[-24.063,421.27],[-23.439,421.342],[-21.057,421.936],[-19.976,422.429],[-18.986,423.016],[-18.089,423.655],[-17.286,424.32],[-15.074,426.758],[-14.538,427.534],[-14.358,427.82],[-14.436,427.49],[-14.736,426.575],[-15.375,425.213],[-16.466,423.568],[-17.207,422.704],[-18.102,421.856],[-19.151,421.063],[-20.355,420.372],[-23.149,419.495],[-23.896,419.38],[-24.683,419.353],[-25.238,419.344]],"c":true},"ix":2},"nm":"Path 2","mn":"ADBE Vector Shape - Group","hd":false},{"ty":"fl","c":{"a":0,"k":[0.016000001571,0,0.004000000393,1],"ix":4},"o":{"a":0,"k":100,"ix":5},"r":1,"bm":0,"nm":"Fill 1","mn":"ADBE Vector Graphic - Fill","hd":false},{"ty":"tr","p":{"a":0,"k":[41.656,-414.094],"ix":2},"a":{"a":0,"k":[0,0],"ix":1},"s":{"a":0,"k":[100,100],"ix":3},"r":{"a":0,"k":0,"ix":6},"o":{"a":0,"k":100,"ix":7},"sk":{"a":0,"k":0,"ix":4},"sa":{"a":0,"k":0,"ix":5},"nm":"Transform"}],"nm":"Group 1","np":2,"cix":2,"bm":0,"ix":1,"mn":"ADBE Vector Group","hd":false}],"ip":24,"op":32,"st":0,"bm":0},{"ddd":0,"ind":15,"ty":4,"nm":"Shape Layer 1","parent":27,"sr":1,"ks":{"o":{"a":0,"k":100,"ix":11},"r":{"a":0,"k":0,"ix":10},"p":{"a":0,"k":[58.243,2.407,0],"ix":2},"a":{"a":0,"k":[53.233,15.447,0],"ix":1},"s":{"a":0,"k":[100,100,100],"ix":6}},"ao":0,"shapes":[{"ty":"gr","it":[{"ind":0,"ty":"sh","ix":1,"ks":{"a":0,"k":{"i":[[0.001,0],[0.749,-1.078],[-0.386,-0.849],[-14.476,0],[0,0],[-12.44,2.507],[-3.025,4.272],[1.542,2.446],[10.782,-3.157],[10.797,0.147],[7.207,0.001]],"o":[[-1.598,0],[-1.66,2.39],[5.366,11.85],[0,0],[8.799,-0.082],[3.586,-0.722],[1.548,-2.185],[-2.132,-3.383],[-7.729,2.264],[-20.275,-0.273],[0,0]],"v":[[-41.989,365.209],[-45.529,366.73],[-45.089,373.753],[1.531,385.603],[1.534,385.603],[35.464,382.416],[47.133,376.24],[49.178,367.169],[29.026,370.102],[0.949,374.483],[-41.988,365.209]],"c":true},"ix":2},"nm":"Path 2","mn":"ADBE Vector Shape - Group","hd":false},{"ty":"fl","c":{"a":0,"k":[0.969000004787,0.275,0.275,1],"ix":4},"o":{"a":0,"k":100,"ix":5},"r":1,"bm":0,"nm":"Fill 1","mn":"ADBE Vector Graphic - Fill","hd":false},{"ty":"tr","p":{"a":0,"k":[51.49,-359.959],"ix":2},"a":{"a":0,"k":[0,0],"ix":1},"s":{"a":0,"k":[100,100],"ix":3},"r":{"a":0,"k":0,"ix":6},"o":{"a":0,"k":100,"ix":7},"sk":{"a":0,"k":0,"ix":4},"sa":{"a":0,"k":0,"ix":5},"nm":"Transform"}],"nm":"Group 1","np":2,"cix":2,"bm":0,"ix":1,"mn":"ADBE Vector Group","hd":false}],"ip":0,"op":101,"st":0,"bm":0},{"ddd":0,"ind":16,"ty":4,"nm":"Shape Layer 2","parent":15,"sr":1,"ks":{"o":{"a":0,"k":100,"ix":11},"r":{"a":0,"k":0,"ix":10},"p":{"a":0,"k":[75.178,2.382,0],"ix":2},"a":{"a":0,"k":[5.4,5.341,0],"ix":1},"s":{"a":0,"k":[100,100,100],"ix":6}},"ao":0,"shapes":[{"ty":"gr","it":[{"ind":0,"ty":"sh","ix":1,"ks":{"a":0,"k":{"i":[[0,0],[0,0],[0,0],[0,0],[0,0],[0,0],[0,0],[0,0],[0,0],[0,0]],"o":[[0,0],[0,0],[0,0],[0,0],[0,0],[0,0],[0,0],[0,0],[0,0],[0,0]],"v":[[-1.214,-1.193],[-5.15,-0.734],[-1.685,1.197],[-2.469,5.092],[0.439,2.394],[3.897,4.339],[2.232,0.738],[5.15,-1.951],[1.212,-1.48],[-0.443,-5.092]],"c":true},"ix":2},"nm":"Path 1","mn":"ADBE Vector Shape - Group","hd":false},{"ty":"fl","c":{"a":0,"k":[1,1,1,1],"ix":4},"o":{"a":0,"k":100,"ix":5},"r":1,"bm":0,"nm":"Fill 1","mn":"ADBE Vector Graphic - Fill","hd":false},{"ty":"tr","p":{"a":0,"k":[5.4,5.342],"ix":2},"a":{"a":0,"k":[0,0],"ix":1},"s":{"a":0,"k":[100,100],"ix":3},"r":{"a":0,"k":0,"ix":6},"o":{"a":0,"k":100,"ix":7},"sk":{"a":0,"k":0,"ix":4},"sa":{"a":0,"k":0,"ix":5},"nm":"Transform"}],"nm":"Group 1","np":2,"cix":2,"bm":0,"ix":1,"mn":"ADBE Vector Group","hd":false}],"ip":0,"op":101,"st":0,"bm":0},{"ddd":0,"ind":17,"ty":4,"nm":"Shape Layer 3","parent":15,"sr":1,"ks":{"o":{"a":0,"k":100,"ix":11},"r":{"a":0,"k":0,"ix":10},"p":{"a":0,"k":[32.647,2.382,0],"ix":2},"a":{"a":0,"k":[5.399,5.341,0],"ix":1},"s":{"a":0,"k":[100,100,100],"ix":6}},"ao":0,"shapes":[{"ty":"gr","it":[{"ind":0,"ty":"sh","ix":1,"ks":{"a":0,"k":{"i":[[0,0],[0,0],[0,0],[0,0],[0,0],[0,0],[0,0],[0,0],[0,0],[0,0]],"o":[[0,0],[0,0],[0,0],[0,0],[0,0],[0,0],[0,0],[0,0],[0,0],[0,0]],"v":[[-1.212,-1.48],[-5.149,-1.95],[-2.232,0.738],[-3.899,4.339],[-0.438,2.395],[2.47,5.092],[1.686,1.197],[5.149,-0.734],[1.215,-1.192],[0.444,-5.092]],"c":true},"ix":2},"nm":"Path 1","mn":"ADBE Vector Shape - Group","hd":false},{"ty":"fl","c":{"a":0,"k":[1,1,1,1],"ix":4},"o":{"a":0,"k":100,"ix":5},"r":1,"bm":0,"nm":"Fill 1","mn":"ADBE Vector Graphic - Fill","hd":false},{"ty":"tr","p":{"a":0,"k":[5.399,5.342],"ix":2},"a":{"a":0,"k":[0,0],"ix":1},"s":{"a":0,"k":[100,100],"ix":3},"r":{"a":0,"k":0,"ix":6},"o":{"a":0,"k":100,"ix":7},"sk":{"a":0,"k":0,"ix":4},"sa":{"a":0,"k":0,"ix":5},"nm":"Transform"}],"nm":"Group 1","np":2,"cix":2,"bm":0,"ix":1,"mn":"ADBE Vector Group","hd":false}],"ip":0,"op":101,"st":0,"bm":0},{"ddd":0,"ind":18,"ty":4,"nm":"Shape Layer 4","parent":15,"sr":1,"ks":{"o":{"a":0,"k":100,"ix":11},"r":{"a":0,"k":0,"ix":10},"p":{"a":0,"k":[54.288,4.112,0],"ix":2},"a":{"a":0,"k":[6.334,6.054,0],"ix":1},"s":{"a":0,"k":[100,100,100],"ix":6}},"ao":0,"shapes":[{"ty":"gr","it":[{"ind":0,"ty":"sh","ix":1,"ks":{"a":0,"k":{"i":[[0,0],[0,0],[0,0],[0,0],[0,0],[0,0],[0,0],[0,0],[0,0],[0,0]],"o":[[0,0],[0,0],[0,0],[0,0],[0,0],[0,0],[0,0],[0,0],[0,0],[0,0]],"v":[[-1.428,-1.375],[-6.084,-1.409],[-2.328,1.34],[-3.8,5.759],[-0.024,3.036],[3.719,5.803],[2.302,1.367],[6.084,-1.339],[1.427,-1.357],[0.026,-5.803]],"c":true},"ix":2},"nm":"Path 1","mn":"ADBE Vector Shape - Group","hd":false},{"ty":"fl","c":{"a":0,"k":[1,1,1,1],"ix":4},"o":{"a":0,"k":100,"ix":5},"r":1,"bm":0,"nm":"Fill 1","mn":"ADBE Vector Graphic - Fill","hd":false},{"ty":"tr","p":{"a":0,"k":[6.334,6.054],"ix":2},"a":{"a":0,"k":[0,0],"ix":1},"s":{"a":0,"k":[100,100],"ix":3},"r":{"a":0,"k":0,"ix":6},"o":{"a":0,"k":100,"ix":7},"sk":{"a":0,"k":0,"ix":4},"sa":{"a":0,"k":0,"ix":5},"nm":"Transform"}],"nm":"Group 1","np":2,"cix":2,"bm":0,"ix":1,"mn":"ADBE Vector Group","hd":false}],"ip":0,"op":101,"st":0,"bm":0},{"ddd":0,"ind":19,"ty":4,"nm":"Shape Layer 5","parent":15,"sr":1,"ks":{"o":{"a":0,"k":100,"ix":11},"r":{"a":0,"k":0,"ix":10},"p":{"a":0,"k":[54.629,7.391,0],"ix":2},"a":{"a":0,"k":[45.515,21.359,0],"ix":1},"s":{"a":0,"k":[100,100,100],"ix":6}},"ao":0,"shapes":[{"ty":"gr","it":[{"ind":0,"ty":"sh","ix":1,"ks":{"a":0,"k":{"i":[[-1.187,-8.359],[-21.046,-0.321],[-1.202,8.317],[12.954,0.145],[10.08,1.925]],"o":[[21.045,0.318],[1.201,-8.316],[-9.828,1.566],[-13.743,-0.156],[1.187,8.357]],"v":[[-30.267,376.934],[32.868,377.89],[36.473,352.94],[2.119,355.467],[-33.828,351.861]],"c":true},"ix":2},"nm":"Path 2","mn":"ADBE Vector Shape - Group","hd":false},{"ty":"fl","c":{"a":0,"k":[0.275,0.616000007181,0.827000038297,1],"ix":4},"o":{"a":0,"k":100,"ix":5},"r":1,"bm":0,"nm":"Fill 1","mn":"ADBE Vector Graphic - Fill","hd":false},{"ty":"tr","p":{"a":0,"k":[42.376,-345.991],"ix":2},"a":{"a":0,"k":[0,0],"ix":1},"s":{"a":0,"k":[100,100],"ix":3},"r":{"a":0,"k":0,"ix":6},"o":{"a":0,"k":100,"ix":7},"sk":{"a":0,"k":0,"ix":4},"sa":{"a":0,"k":0,"ix":5},"nm":"Transform"}],"nm":"Group 1","np":2,"cix":2,"bm":0,"ix":1,"mn":"ADBE Vector Group","hd":false}],"ip":0,"op":101,"st":0,"bm":0},{"ddd":0,"ind":20,"ty":4,"nm":"Shape Layer 6","parent":15,"sr":1,"ks":{"o":{"a":0,"k":100,"ix":11},"r":{"a":0,"k":0,"ix":10},"p":{"a":0,"k":[79.082,-30.106,0],"ix":2},"a":{"a":0,"k":[14.6,55.006,0],"ix":1},"s":{"a":0,"k":[100,100,100],"ix":6}},"ao":0,"shapes":[{"ty":"gr","it":[{"ind":0,"ty":"sh","ix":1,"ks":{"a":0,"k":{"i":[[4.703,-0.004],[0.937,-26.62],[-2.961,-0.045],[-2.68,26.671]],"o":[[-0.938,26.621],[2.961,0.045],[2.679,-26.671],[-4.702,0.004]],"v":[[21.123,297.808],[18.309,377.669],[27.193,377.804],[35.232,297.795]],"c":true},"ix":2},"nm":"Path 2","mn":"ADBE Vector Shape - Group","hd":false},{"ty":"fl","c":{"a":0,"k":[1,1,1,1],"ix":4},"o":{"a":0,"k":100,"ix":5},"r":1,"bm":0,"nm":"Fill 1","mn":"ADBE Vector Graphic - Fill","hd":false},{"ty":"tr","p":{"a":0,"k":[-12.992,-274.847],"ix":2},"a":{"a":0,"k":[0,0],"ix":1},"s":{"a":0,"k":[100,100],"ix":3},"r":{"a":0,"k":0,"ix":6},"o":{"a":0,"k":100,"ix":7},"sk":{"a":0,"k":0,"ix":4},"sa":{"a":0,"k":0,"ix":5},"nm":"Transform"}],"nm":"Group 1","np":2,"cix":2,"bm":0,"ix":1,"mn":"ADBE Vector Group","hd":false}],"ip":0,"op":101,"st":0,"bm":0},{"ddd":0,"ind":21,"ty":4,"nm":"Shape Layer 7","parent":15,"sr":1,"ks":{"o":{"a":0,"k":100,"ix":11},"r":{"a":0,"k":0,"ix":10},"p":{"a":0,"k":[53.876,-24.131,0],"ix":2},"a":{"a":0,"k":[13.431,50.023,0],"ix":1},"s":{"a":0,"k":[100,100,100],"ix":6}},"ao":0,"shapes":[{"ty":"gr","it":[{"ind":0,"ty":"sh","ix":1,"ks":{"a":0,"k":{"i":[[5.335,-0.006],[-0.71,-26.502],[-3.76,-0.058],[-0.863,26.566]],"o":[[0.711,26.502],[3.76,0.056],[0.864,-26.566],[-5.335,0.006]],"v":[[-5.613,297.835],[-3.482,377.339],[7.798,377.51],[10.389,297.818]],"c":true},"ix":2},"nm":"Path 2","mn":"ADBE Vector Shape - Group","hd":false},{"ty":"fl","c":{"a":0,"k":[1,1,1,1],"ix":4},"o":{"a":0,"k":100,"ix":5},"r":1,"bm":0,"nm":"Fill 1","mn":"ADBE Vector Graphic - Fill","hd":false},{"ty":"tr","p":{"a":0,"k":[11.045,-285.805],"ix":2},"a":{"a":0,"k":[0,0],"ix":1},"s":{"a":0,"k":[100,100],"ix":3},"r":{"a":0,"k":0,"ix":6},"o":{"a":0,"k":100,"ix":7},"sk":{"a":0,"k":0,"ix":4},"sa":{"a":0,"k":0,"ix":5},"nm":"Transform"}],"nm":"Group 1","np":2,"cix":2,"bm":0,"ix":1,"mn":"ADBE Vector Group","hd":false}],"ip":0,"op":101,"st":0,"bm":0},{"ddd":0,"ind":22,"ty":4,"nm":"Shape Layer 8","parent":15,"sr":1,"ks":{"o":{"a":0,"k":100,"ix":11},"r":{"a":0,"k":0,"ix":10},"p":{"a":0,"k":[27.056,-30.931,0],"ix":2},"a":{"a":0,"k":[15.77,56.178,0],"ix":1},"s":{"a":0,"k":[100,100,100],"ix":6}},"ao":0,"shapes":[{"ty":"gr","it":[{"ind":0,"ty":"sh","ix":1,"ks":{"a":0,"k":{"i":[[4.631,-0.005],[-3.348,-26.398],[-2.797,-0.042],[1.515,26.444]],"o":[[3.349,26.397],[2.796,0.042],[-1.516,-26.445],[-4.63,0.005]],"v":[[-32.509,297.859],[-22.462,377.052],[-14.073,377.178],[-18.619,297.846]],"c":true},"ix":2},"nm":"Path 2","mn":"ADBE Vector Shape - Group","hd":false},{"ty":"fl","c":{"a":0,"k":[1,1,1,1],"ix":4},"o":{"a":0,"k":100,"ix":5},"r":1,"bm":0,"nm":"Fill 1","mn":"ADBE Vector Graphic - Fill","hd":false},{"ty":"tr","p":{"a":0,"k":[40.203,-272.85],"ix":2},"a":{"a":0,"k":[0,0],"ix":1},"s":{"a":0,"k":[100,100],"ix":3},"r":{"a":0,"k":0,"ix":6},"o":{"a":0,"k":100,"ix":7},"sk":{"a":0,"k":0,"ix":4},"sa":{"a":0,"k":0,"ix":5},"nm":"Transform"}],"nm":"Group 1","np":2,"cix":2,"bm":0,"ix":1,"mn":"ADBE Vector Group","hd":false}],"ip":0,"op":101,"st":0,"bm":0},{"ddd":0,"ind":23,"ty":4,"nm":"Shape Layer 9","parent":15,"sr":1,"ks":{"o":{"a":0,"k":100,"ix":11},"r":{"a":0,"k":0,"ix":10},"p":{"a":0,"k":[52.963,-22.121,0],"ix":2},"a":{"a":0,"k":[48.22,45.301,0],"ix":1},"s":{"a":0,"k":[100,100,100],"ix":6}},"ao":0,"shapes":[{"ty":"gr","it":[{"ind":0,"ty":"sh","ix":1,"ks":{"a":0,"k":{"i":[[28.647,-0.027],[-3.743,-26.357],[-21.044,-0.319],[-3.857,26.7]],"o":[[3.743,26.355],[21.045,0.317],[3.858,-26.701],[-28.647,0.027]],"v":[[-41.496,297.868],[-30.268,376.934],[32.867,377.889],[44.443,297.787]],"c":true},"ix":2},"nm":"Path 2","mn":"ADBE Vector Shape - Group","hd":false},{"ty":"fl","c":{"a":0,"k":[0.969000004787,0.275,0.275,1],"ix":4},"o":{"a":0,"k":100,"ix":5},"r":1,"bm":0,"nm":"Fill 1","mn":"ADBE Vector Graphic - Fill","hd":false},{"ty":"tr","p":{"a":0,"k":[46.747,-292.537],"ix":2},"a":{"a":0,"k":[0,0],"ix":1},"s":{"a":0,"k":[100,100],"ix":3},"r":{"a":0,"k":0,"ix":6},"o":{"a":0,"k":100,"ix":7},"sk":{"a":0,"k":0,"ix":4},"sa":{"a":0,"k":0,"ix":5},"nm":"Transform"}],"nm":"Group 1","np":2,"cix":2,"bm":0,"ix":1,"mn":"ADBE Vector Group","hd":false}],"ip":0,"op":101,"st":0,"bm":0},{"ddd":0,"ind":24,"ty":4,"nm":"Shape Layer 13","parent":27,"sr":1,"ks":{"o":{"a":0,"k":100,"ix":11},"r":{"a":0,"k":0,"ix":10},"p":{"a":0,"k":[58.093,48.539,0],"ix":2},"a":{"a":0,"k":[71.902,36.874,0],"ix":1},"s":{"a":0,"k":[100,100,100],"ix":6}},"ao":0,"shapes":[{"ty":"gr","it":[{"ind":0,"ty":"sh","ix":1,"ks":{"a":0,"k":{"i":[[0.084,-0.001],[0.202,-17.077],[2.305,-0.658],[17.21,-0.132],[-0.047,-17.288],[-17.395,0.133],[-1.874,15.491],[-2.422,-1.169],[-16.036,0.123],[0.046,17.289],[17.279,0.001]],"o":[[-17.239,0.132],[-2.349,-0.684],[-0.341,-17.03],[-17.395,0.133],[0.046,17.287],[16.08,-0.125],[2.336,-1.118],[2.015,15.399],[17.396,-0.133],[-0.047,-17.202],[-0.084,0]],"v":[[36.617,389.917],[5.162,421.054],[-1.977,421.019],[-33.596,390.459],[-65.058,422.052],[-33.429,453.162],[-2.199,425.422],[5.422,425.491],[36.785,452.62],[68.246,421.026],[36.868,389.916]],"c":true},"ix":2},"nm":"Path 2","mn":"ADBE Vector Shape - Group","hd":false},{"ind":1,"ty":"sh","ix":2,"ks":{"a":0,"k":{"i":[[0.038,14.984],[-15.151,0.117],[-0.041,-15.06],[15.149,-0.115],[0.072,0]],"o":[[-0.042,-15.06],[15.151,-0.118],[0.04,15.058],[-0.072,0.001],[-15.052,0]],"v":[[9.227,421.482],[36.629,393.96],[64.18,421.059],[36.776,448.578],[36.559,448.579]],"c":true},"ix":2},"nm":"Path 3","mn":"ADBE Vector Shape - Group","hd":false},{"ind":2,"ty":"sh","ix":3,"ks":{"a":0,"k":{"i":[[0.039,14.985],[-15.153,0.117],[-0.039,-15.06],[15.15,-0.117],[0.071,0]],"o":[[-0.041,-15.06],[15.15,-0.115],[0.04,15.056],[-0.072,0.001],[-15.053,0]],"v":[[-60.991,422.022],[-33.586,394.5],[-6.037,421.599],[-33.44,449.12],[-33.654,449.121]],"c":true},"ix":2},"nm":"Path 4","mn":"ADBE Vector Shape - Group","hd":false},{"ty":"fl","c":{"a":0,"k":[0.016000001571,0,0.004000000393,1],"ix":4},"o":{"a":0,"k":100,"ix":5},"r":1,"bm":0,"nm":"Fill 1","mn":"ADBE Vector Graphic - Fill","hd":false},{"ty":"tr","p":{"a":0,"k":[70.309,-384.666],"ix":2},"a":{"a":0,"k":[0,0],"ix":1},"s":{"a":0,"k":[100,100],"ix":3},"r":{"a":0,"k":0,"ix":6},"o":{"a":0,"k":100,"ix":7},"sk":{"a":0,"k":0,"ix":4},"sa":{"a":0,"k":0,"ix":5},"nm":"Transform"}],"nm":"Group 1","np":4,"cix":2,"bm":0,"ix":1,"mn":"ADBE Vector Group","hd":false}],"ip":0,"op":101,"st":0,"bm":0},{"ddd":0,"ind":25,"ty":4,"nm":"Shape Layer 12","parent":26,"sr":1,"ks":{"o":{"a":0,"k":100,"ix":11},"r":{"a":0,"k":0,"ix":10},"p":{"a":0,"k":[8.385,6.536,0],"ix":2},"a":{"a":0,"k":[6.339,5.962,0],"ix":1},"s":{"a":0,"k":[100,100,100],"ix":6}},"ao":0,"shapes":[{"ty":"gr","it":[{"ind":0,"ty":"sh","ix":1,"ks":{"a":0,"k":{"i":[[0.058,-0.007],[-0.039,-0.389],[-0.601,0.063],[0.039,0.388],[0.523,0]],"o":[[-0.602,0.061],[0.038,0.389],[0.6,-0.062],[-0.032,-0.351],[-0.056,0]],"v":[[-1.751,483.774],[-2.769,484.589],[-1.613,485.178],[-0.598,484.364],[-1.578,483.765]],"c":true},"ix":2},"nm":"Path 2","mn":"ADBE Vector Shape - Group","hd":false},{"ty":"fl","c":{"a":0,"k":[1,1,1,1],"ix":4},"o":{"a":0,"k":100,"ix":5},"r":1,"bm":0,"nm":"Fill 1","mn":"ADBE Vector Graphic - Fill","hd":false},{"ty":"tr","p":{"a":0,"k":[8.021,-478.515],"ix":2},"a":{"a":0,"k":[0,0],"ix":1},"s":{"a":0,"k":[100,100],"ix":3},"r":{"a":0,"k":0,"ix":6},"o":{"a":0,"k":100,"ix":7},"sk":{"a":0,"k":0,"ix":4},"sa":{"a":0,"k":0,"ix":5},"nm":"Transform"}],"nm":"Group 1","np":2,"cix":2,"bm":0,"ix":1,"mn":"ADBE Vector Group","hd":false}],"ip":0,"op":101,"st":0,"bm":0},{"ddd":0,"ind":26,"ty":4,"nm":"Shape Layer 14","parent":27,"sr":1,"ks":{"o":{"a":0,"k":100,"ix":11},"r":{"a":0,"k":0,"ix":10},"p":{"a":0,"k":[58.267,114.175,0],"ix":2},"a":{"a":0,"k":[11.834,9.235,0],"ix":1},"s":{"a":0,"k":[100,100,100],"ix":6}},"ao":0,"shapes":[{"ty":"gr","it":[{"ind":0,"ty":"sh","ix":1,"ks":{"a":0,"k":{"i":[[0,0],[0.009,0],[0,0],[-2.024,-1.676],[0,0],[-2.06,1.747],[0,0],[2.624,0.001]],"o":[[-0.009,0],[0,0],[-2.645,0.02],[0,0],[2.07,1.715],[0,0],[2.008,-1.703],[-0.001,0]],"v":[[5.53,483.19],[5.503,483.19],[-1.984,483.248],[-3.799,488.232],[-1.798,489.89],[5.351,489.834],[7.344,488.148],[5.531,483.19]],"c":true},"ix":2},"nm":"Path 2","mn":"ADBE Vector Shape - Group","hd":false},{"ty":"fl","c":{"a":0,"k":[0.016000001571,0,0.004000000393,1],"ix":4},"o":{"a":0,"k":100,"ix":5},"r":1,"bm":0,"nm":"Fill 1","mn":"ADBE Vector Graphic - Fill","hd":false},{"ty":"tr","p":{"a":0,"k":[10.067,-477.94],"ix":2},"a":{"a":0,"k":[0,0],"ix":1},"s":{"a":0,"k":[100,100],"ix":3},"r":{"a":0,"k":0,"ix":6},"o":{"a":0,"k":100,"ix":7},"sk":{"a":0,"k":0,"ix":4},"sa":{"a":0,"k":0,"ix":5},"nm":"Transform"}],"nm":"Group 1","np":2,"cix":2,"bm":0,"ix":1,"mn":"ADBE Vector Group","hd":false}],"ip":0,"op":101,"st":0,"bm":0},{"ddd":0,"ind":27,"ty":4,"nm":"Shape Layer 15","sr":1,"ks":{"o":{"a":0,"k":100,"ix":11},"r":{"a":1,"k":[{"i":{"x":[0.833],"y":[0.833]},"o":{"x":[0.167],"y":[0.167]},"t":0,"s":[-9]},{"i":{"x":[0.833],"y":[0.833]},"o":{"x":[0.167],"y":[0.167]},"t":24,"s":[-9]},{"i":{"x":[0.833],"y":[0.833]},"o":{"x":[0.167],"y":[0.167]},"t":32,"s":[9]},{"i":{"x":[0.833],"y":[0.833]},"o":{"x":[0.167],"y":[0.167]},"t":56,"s":[9]},{"i":{"x":[0.833],"y":[0.833]},"o":{"x":[0.167],"y":[0.167]},"t":60,"s":[0]},{"i":{"x":[0.833],"y":[0.833]},"o":{"x":[0.167],"y":[0.167]},"t":92,"s":[0]},{"t":100,"s":[-9]}],"ix":10},"p":{"a":0,"k":[564.025,1154.075,0],"ix":2},"a":{"a":0,"k":[58.025,131.075,0],"ix":1},"s":{"a":0,"k":[100,100,100],"ix":6}},"ao":0,"shapes":[{"ty":"gr","it":[{"ind":0,"ty":"sh","ix":1,"ks":{"a":0,"k":{"i":[[0,0],[0,0],[-1.952,-13.323],[0,0],[-16.314,0.125],[0,0],[-3.564,15.759],[0,0],[13.526,0]],"o":[[0,0],[-13.558,0.103],[0,0],[3.569,15.804],[0,0],[16.233,-0.126],[0,0],[1.964,-13.341],[0,0]],"v":[[35.418,373.482],[-32.485,374.006],[-54.474,399.449],[-36.905,477.236],[-2.872,504.074],[6.007,504.007],[39.85,476.854],[57.521,398.725],[35.595,373.482]],"c":true},"ix":2},"nm":"Path 4","mn":"ADBE Vector Shape - Group","hd":false},{"ty":"fl","c":{"a":0,"k":[1,0.776470588235,0.250980392157,1],"ix":4},"o":{"a":0,"k":100,"ix":5},"r":1,"bm":0,"nm":"Fill 1","mn":"ADBE Vector Graphic - Fill","hd":false},{"ty":"tr","p":{"a":0,"k":[56.5,-373],"ix":2},"a":{"a":0,"k":[0,0],"ix":1},"s":{"a":0,"k":[100,100],"ix":3},"r":{"a":0,"k":0,"ix":6},"o":{"a":0,"k":100,"ix":7},"sk":{"a":0,"k":0,"ix":4},"sa":{"a":0,"k":0,"ix":5},"nm":"Transform"}],"nm":"Group 1","np":2,"cix":2,"bm":0,"ix":1,"mn":"ADBE Vector Group","hd":false}],"ip":0,"op":101,"st":0,"bm":0},{"ddd":0,"ind":28,"ty":4,"nm":"Shape Layer 16","parent":27,"sr":1,"ks":{"o":{"a":0,"k":100,"ix":11},"r":{"a":0,"k":0,"ix":10},"p":{"a":0,"k":[4.532,-21.172,0],"ix":2},"a":{"a":0,"k":[34.861,33.915,0],"ix":1},"s":{"a":0,"k":[100,100,100],"ix":6}},"ao":0,"shapes":[{"ty":"gr","it":[{"ind":0,"ty":"sh","ix":1,"ks":{"a":0,"k":{"i":[[0.114,-0.012],[-0.242,-1.761],[-2.952,-6.186],[1.071,4.241],[1.597,-0.198],[0,0],[-0.452,-1.834],[-16.63,-5.502],[-4.062,-2.761],[-0.439,-0.038],[0,0],[6.094,44.415],[1.567,0]],"o":[[-1.78,0.191],[1.24,8.994],[-7.33,-5.715],[-0.394,-1.547],[0,0],[-1.89,0.237],[1.69,6.804],[4.087,5.384],[11.164,7.59],[0,0],[-1.489,-0.142],[-0.218,-1.573],[-0.112,0]],"v":[[-67.69,323.18],[-70.514,326.755],[-63.973,349.397],[-75.306,331.17],[-78.771,328.803],[-78.78,328.805],[-81.488,332.694],[-57.651,359.822],[-45.036,371.851],[-22.968,380.494],[-22.357,374.21],[-64.22,325.886],[-67.349,323.162]],"c":true},"ix":2},"nm":"Path 2","mn":"ADBE Vector Shape - Group","hd":false},{"ty":"fl","c":{"a":0,"k":[0.423999980852,0.195999998205,0.102000000898,1],"ix":4},"o":{"a":0,"k":100,"ix":5},"r":1,"bm":0,"nm":"Fill 1","mn":"ADBE Vector Graphic - Fill","hd":false},{"ty":"tr","p":{"a":0,"k":[86.83,-317.913],"ix":2},"a":{"a":0,"k":[0,0],"ix":1},"s":{"a":0,"k":[100,100],"ix":3},"r":{"a":0,"k":0,"ix":6},"o":{"a":0,"k":100,"ix":7},"sk":{"a":0,"k":0,"ix":4},"sa":{"a":0,"k":0,"ix":5},"nm":"Transform"}],"nm":"Group 1","np":2,"cix":2,"bm":0,"ix":1,"mn":"ADBE Vector Group","hd":false}],"ip":0,"op":101,"st":0,"bm":0},{"ddd":0,"ind":29,"ty":4,"nm":"Shape Layer 17","parent":27,"sr":1,"ks":{"o":{"a":0,"k":100,"ix":11},"r":{"a":0,"k":0,"ix":10},"p":{"a":0,"k":[111.077,-21.887,0],"ix":2},"a":{"a":0,"k":[34.957,34.256,0],"ix":1},"s":{"a":0,"k":[100,100,100],"ix":6}},"ao":0,"shapes":[{"ty":"gr","it":[{"ind":0,"ty":"sh","ix":1,"ks":{"a":0,"k":{"i":[[0.21,-1.591],[0.363,-0.041],[0,0],[-11.123,7.76],[-4.016,5.339],[-1.669,6.911],[1.889,0.206],[0.372,-1.548],[7.907,-5.857],[-1.227,9.284],[1.782,0.163],[0,0],[0.098,0]],"o":[[-5.915,44.703],[0,0],[0.442,-0.043],[3.996,-2.79],[17.068,-5.605],[0.444,-1.84],[-1.589,-0.173],[-1.054,4.402],[3.046,-6.342],[0.234,-1.765],[0,0],[-0.1,-0.009],[-1.581,0]],"v":[[66.465,324.877],[24.869,373.847],[25.503,380.119],[47.527,371.14],[59.922,359.122],[84.196,331.418],[81.472,327.573],[78.029,329.973],[66.075,348.953],[72.761,325.654],[69.92,322.122],[69.914,322.122],[69.617,322.108]],"c":true},"ix":2},"nm":"Path 2","mn":"ADBE Vector Shape - Group","hd":false},{"ty":"fl","c":{"a":0,"k":[0.423999980852,0.195999998205,0.102000000898,1],"ix":4},"o":{"a":0,"k":100,"ix":5},"r":1,"bm":0,"nm":"Fill 1","mn":"ADBE Vector Graphic - Fill","hd":false},{"ty":"tr","p":{"a":0,"k":[-19.619,-316.858],"ix":2},"a":{"a":0,"k":[0,0],"ix":1},"s":{"a":0,"k":[100,100],"ix":3},"r":{"a":0,"k":0,"ix":6},"o":{"a":0,"k":100,"ix":7},"sk":{"a":0,"k":0,"ix":4},"sa":{"a":0,"k":0,"ix":5},"nm":"Transform"}],"nm":"Group 1","np":2,"cix":2,"bm":0,"ix":1,"mn":"ADBE Vector Group","hd":false}],"ip":0,"op":101,"st":0,"bm":0},{"ddd":0,"ind":30,"ty":4,"nm":"Shape Layer 18","sr":1,"ks":{"o":{"a":0,"k":100,"ix":11},"r":{"a":0,"k":0,"ix":10},"p":{"a":0,"k":[564.357,1156.062,0],"ix":2},"a":{"a":0,"k":[10.391,8.214,0],"ix":1},"s":{"a":0,"k":[100,100,100],"ix":6}},"ao":0,"shapes":[{"ty":"gr","it":[{"ind":0,"ty":"sh","ix":1,"ks":{"a":0,"k":{"i":[[0,-1.637],[-2.84,0],[0,1.638],[2.839,0]],"o":[[0,1.638],[2.839,0],[0,-1.637],[-2.84,0]],"v":[[-3.284,506.062],[1.858,509.027],[6.998,506.062],[1.858,503.098]],"c":true},"ix":2},"nm":"Path 2","mn":"ADBE Vector Shape - Group","hd":false},{"ty":"fl","c":{"a":0,"k":[1,0.451000019148,0.39199999641,1],"ix":4},"o":{"a":0,"k":100,"ix":5},"r":1,"bm":0,"nm":"Fill 1","mn":"ADBE Vector Graphic - Fill","hd":false},{"ty":"tr","p":{"a":0,"k":[8.534,-497.848],"ix":2},"a":{"a":0,"k":[0,0],"ix":1},"s":{"a":0,"k":[100,100],"ix":3},"r":{"a":0,"k":0,"ix":6},"o":{"a":0,"k":100,"ix":7},"sk":{"a":0,"k":0,"ix":4},"sa":{"a":0,"k":0,"ix":5},"nm":"Transform"}],"nm":"Group 1","np":2,"cix":2,"bm":0,"ix":1,"mn":"ADBE Vector Group","hd":false}],"ip":0,"op":101,"st":0,"bm":0},{"ddd":0,"ind":31,"ty":4,"nm":"Shape Layer 19","sr":1,"ks":{"o":{"a":0,"k":100,"ix":11},"r":{"a":0,"k":0,"ix":10},"p":{"a":0,"k":[570.935,1158.513,0],"ix":2},"a":{"a":0,"k":[14.128,10.716,0],"ix":1},"s":{"a":0,"k":[100,100,100],"ix":6}},"ao":0,"shapes":[{"ty":"gr","it":[{"ind":0,"ty":"sh","ix":1,"ks":{"a":0,"k":{"i":[[0.649,-1.45],[-3.455,-1.618],[-1.802,2.978],[0.542,1.324],[4.372,0]],"o":[[-0.936,2.09],[3.764,1.762],[0.648,-1.071],[-1.237,-3.017],[-3.155,0.001]],"v":[[-0.283,505.246],[5.546,512.851],[16.671,511.45],[17.011,507.503],[6.292,503.045]],"c":true},"ix":2},"nm":"Path 2","mn":"ADBE Vector Shape - Group","hd":false},{"ty":"fl","c":{"a":0,"k":[0.936999990426,0.234999997008,0.180000005984,1],"ix":4},"o":{"a":0,"k":100,"ix":5},"r":1,"bm":0,"nm":"Fill 1","mn":"ADBE Vector Graphic - Fill","hd":false},{"ty":"tr","p":{"a":0,"k":[5.693,-497.796],"ix":2},"a":{"a":0,"k":[0,0],"ix":1},"s":{"a":0,"k":[100,100],"ix":3},"r":{"a":0,"k":0,"ix":6},"o":{"a":0,"k":100,"ix":7},"sk":{"a":0,"k":0,"ix":4},"sa":{"a":0,"k":0,"ix":5},"nm":"Transform"}],"nm":"Group 1","np":2,"cix":2,"bm":0,"ix":1,"mn":"ADBE Vector Group","hd":false}],"ip":0,"op":101,"st":0,"bm":0},{"ddd":0,"ind":32,"ty":4,"nm":"Shape Layer 20","sr":1,"ks":{"o":{"a":0,"k":100,"ix":11},"r":{"a":0,"k":0,"ix":10},"p":{"a":0,"k":[558,1158.513,0],"ix":2},"a":{"a":0,"k":[14.128,10.716,0],"ix":1},"s":{"a":0,"k":[100,100,100],"ix":6}},"ao":0,"shapes":[{"ty":"gr","it":[{"ind":0,"ty":"sh","ix":1,"ks":{"a":0,"k":{"i":[[1.236,-3.017],[-0.647,-1.071],[-3.764,1.762],[0.936,2.09],[3.155,0.001]],"o":[[-0.542,1.324],[1.801,2.978],[3.455,-1.618],[-0.649,-1.45],[-4.372,0]],"v":[[-13.076,507.503],[-12.736,511.45],[-1.611,512.851],[4.217,505.246],[-2.358,503.045]],"c":true},"ix":2},"nm":"Path 2","mn":"ADBE Vector Shape - Group","hd":false},{"ty":"fl","c":{"a":0,"k":[0.936999990426,0.234999997008,0.180000005984,1],"ix":4},"o":{"a":0,"k":100,"ix":5},"r":1,"bm":0,"nm":"Fill 1","mn":"ADBE Vector Graphic - Fill","hd":false},{"ty":"tr","p":{"a":0,"k":[18.627,-497.796],"ix":2},"a":{"a":0,"k":[0,0],"ix":1},"s":{"a":0,"k":[100,100],"ix":3},"r":{"a":0,"k":0,"ix":6},"o":{"a":0,"k":100,"ix":7},"sk":{"a":0,"k":0,"ix":4},"sa":{"a":0,"k":0,"ix":5},"nm":"Transform"}],"nm":"Group 1","np":2,"cix":2,"bm":0,"ix":1,"mn":"ADBE Vector Group","hd":false}],"ip":0,"op":101,"st":0,"bm":0},{"ddd":0,"ind":33,"ty":4,"nm":"Shape Layer 21","sr":1,"ks":{"o":{"a":0,"k":100,"ix":11},"r":{"a":0,"k":0,"ix":10},"p":{"a":0,"k":[557.441,1154.206,0],"ix":2},"a":{"a":0,"k":[13.319,9.415,0],"ix":1},"s":{"a":0,"k":[100,100,100],"ix":6}},"ao":0,"shapes":[{"ty":"gr","it":[{"ind":0,"ty":"sh","ix":1,"ks":{"a":0,"k":{"i":[[0.914,-0.976],[-0.273,-1.08],[-2.898,0.046],[-0.025,1.762],[4.715,0]],"o":[[-0.799,0.85],[0.692,2.741],[3.365,-0.053],[0.03,-2.115],[-1.752,0]],"v":[[-12.163,501.411],[-13.036,504.663],[-4.803,508.369],[3.009,505.021],[-7.963,500.04]],"c":true},"ix":2},"nm":"Path 2","mn":"ADBE Vector Shape - Group","hd":false},{"ty":"fl","c":{"a":0,"k":[0.936999990426,0.234999997008,0.180000005984,1],"ix":4},"o":{"a":0,"k":100,"ix":5},"r":1,"bm":0,"nm":"Fill 1","mn":"ADBE Vector Graphic - Fill","hd":false},{"ty":"tr","p":{"a":0,"k":[18.378,-494.79],"ix":2},"a":{"a":0,"k":[0,0],"ix":1},"s":{"a":0,"k":[100,100],"ix":3},"r":{"a":0,"k":0,"ix":6},"o":{"a":0,"k":100,"ix":7},"sk":{"a":0,"k":0,"ix":4},"sa":{"a":0,"k":0,"ix":5},"nm":"Transform"}],"nm":"Group 1","np":2,"cix":2,"bm":0,"ix":1,"mn":"ADBE Vector Group","hd":false}],"ip":0,"op":101,"st":0,"bm":0},{"ddd":0,"ind":34,"ty":4,"nm":"Shape Layer 22","sr":1,"ks":{"o":{"a":0,"k":100,"ix":11},"r":{"a":0,"k":0,"ix":10},"p":{"a":0,"k":[571.493,1154.206,0],"ix":2},"a":{"a":0,"k":[13.319,9.415,0],"ix":1},"s":{"a":0,"k":[100,100,100],"ix":6}},"ao":0,"shapes":[{"ty":"gr","it":[{"ind":0,"ty":"sh","ix":1,"ks":{"a":0,"k":{"i":[[-0.03,-2.115],[-3.365,-0.053],[-0.691,2.741],[0.799,0.85],[1.752,0]],"o":[[0.024,1.762],[2.898,0.046],[0.273,-1.08],[-0.914,-0.976],[-4.715,0]],"v":[[0.925,505.021],[8.737,508.369],[16.969,504.663],[16.096,501.411],[11.896,500.04]],"c":true},"ix":2},"nm":"Path 2","mn":"ADBE Vector Shape - Group","hd":false},{"ty":"fl","c":{"a":0,"k":[0.936999990426,0.234999997008,0.180000005984,1],"ix":4},"o":{"a":0,"k":100,"ix":5},"r":1,"bm":0,"nm":"Fill 1","mn":"ADBE Vector Graphic - Fill","hd":false},{"ty":"tr","p":{"a":0,"k":[4.326,-494.79],"ix":2},"a":{"a":0,"k":[0,0],"ix":1},"s":{"a":0,"k":[100,100],"ix":3},"r":{"a":0,"k":0,"ix":6},"o":{"a":0,"k":100,"ix":7},"sk":{"a":0,"k":0,"ix":4},"sa":{"a":0,"k":0,"ix":5},"nm":"Transform"}],"nm":"Group 1","np":2,"cix":2,"bm":0,"ix":1,"mn":"ADBE Vector Group","hd":false}],"ip":0,"op":101,"st":0,"bm":0},{"ddd":0,"ind":35,"ty":4,"nm":"Shape Layer 23","parent":27,"sr":1,"ks":{"o":{"a":0,"k":100,"ix":11},"r":{"a":0,"k":0,"ix":10},"p":{"a":0,"k":[57.705,121.966,0],"ix":2},"a":{"a":0,"k":[40.476,16.353,0],"ix":1},"s":{"a":0,"k":[100,100,100],"ix":6}},"ao":0,"shapes":[{"ty":"gr","it":[{"ind":0,"ty":"sh","ix":1,"ks":{"a":0,"k":{"i":[[23.484,-0.599],[-1.748,-2.316],[-4.603,-0.814],[-11.429,8.527],[-1.228,3.5]],"o":[[0.68,1.56],[7.735,10.242],[6.094,1.076],[7.164,-5.346],[-23.486,0.599]],"v":[[-34.021,485.66],[-30.488,491.714],[-5.915,504.934],[24.976,499.847],[36.432,483.864]],"c":true},"ix":2},"nm":"Path 2","mn":"ADBE Vector Shape - Group","hd":false},{"ty":"fl","c":{"a":0,"k":[0.713999968884,0.490000017952,0.102000000898,1],"ix":4},"o":{"a":0,"k":100,"ix":5},"r":1,"bm":0,"nm":"Fill 1","mn":"ADBE Vector Graphic - Fill","hd":false},{"ty":"tr","p":{"a":0,"k":[39.271,-478.613],"ix":2},"a":{"a":0,"k":[0,0],"ix":1},"s":{"a":0,"k":[100,100],"ix":3},"r":{"a":0,"k":0,"ix":6},"o":{"a":0,"k":100,"ix":7},"sk":{"a":0,"k":0,"ix":4},"sa":{"a":0,"k":0,"ix":5},"nm":"Transform"}],"nm":"Group 1","np":2,"cix":2,"bm":0,"ix":1,"mn":"ADBE Vector Group","hd":false}],"ip":0,"op":101,"st":0,"bm":0},{"ddd":0,"ind":36,"ty":4,"nm":"Shape Layer 26","parent":27,"sr":1,"ks":{"o":{"a":0,"k":100,"ix":11},"r":{"a":0,"k":0,"ix":10},"p":{"a":0,"k":[-8.76,5.842,0],"ix":2},"a":{"a":0,"k":[16.479,20.584,0],"ix":1},"s":{"a":0,"k":[100,100,100],"ix":6}},"ao":0,"shapes":[{"ty":"gr","it":[{"ind":0,"ty":"sh","ix":1,"ks":{"a":0,"k":{"i":[[0,0],[0,0],[0,0]],"o":[[0.057,-0.815],[-22.566,-1.804],[-2.441,31.844]],"v":[[-54.466,394.17],[-54.03,391.859],[-76.316,363.508]],"c":true},"ix":2},"nm":"Path 2","mn":"ADBE Vector Shape - Group","hd":false},{"ty":"fl","c":{"a":0,"k":[0.741000007181,0.501999978458,0.118000000598,1],"ix":4},"o":{"a":0,"k":100,"ix":5},"r":1,"bm":0,"nm":"Fill 1","mn":"ADBE Vector Graphic - Fill","hd":false},{"ty":"tr","p":{"a":0,"k":[81.739,-358.258],"ix":2},"a":{"a":0,"k":[0,0],"ix":1},"s":{"a":0,"k":[100,100],"ix":3},"r":{"a":0,"k":0,"ix":6},"o":{"a":0,"k":100,"ix":7},"sk":{"a":0,"k":0,"ix":4},"sa":{"a":0,"k":0,"ix":5},"nm":"Transform"}],"nm":"Group 1","np":2,"cix":2,"bm":0,"ix":1,"mn":"ADBE Vector Group","hd":false}],"ip":0,"op":101,"st":0,"bm":0},{"ddd":0,"ind":37,"ty":4,"nm":"Shape Layer 27","parent":27,"sr":1,"ks":{"o":{"a":0,"k":100,"ix":11},"r":{"a":0,"k":0,"ix":10},"p":{"a":0,"k":[-1,6,0],"ix":2},"a":{"a":0,"k":[21,16,0],"ix":1},"s":{"a":0,"k":[100,100,100],"ix":6}},"ao":0,"shapes":[{"ty":"gr","it":[{"ind":0,"ty":"sh","ix":1,"ks":{"a":0,"k":{"i":[[-26.452,1.176],[0,0],[0,0]],"o":[[14.823,-0.657],[0,0],[0,0]],"v":[[-51.884,393.567],[-36.914,375.759],[-76.204,363.781]],"c":true},"ix":2},"nm":"Path 4","mn":"ADBE Vector Shape - Group","hd":false},{"ty":"fl","c":{"a":0,"k":[1,0.764705882353,0.254901960784,1],"ix":4},"o":{"a":0,"k":100,"ix":5},"r":1,"bm":0,"nm":"Fill 1","mn":"ADBE Vector Graphic - Fill","hd":false},{"ty":"tr","p":{"a":0,"k":[78.5,-363],"ix":2},"a":{"a":0,"k":[0,0],"ix":1},"s":{"a":0,"k":[100,100],"ix":3},"r":{"a":0,"k":0,"ix":6},"o":{"a":0,"k":100,"ix":7},"sk":{"a":0,"k":0,"ix":4},"sa":{"a":0,"k":0,"ix":5},"nm":"Transform"}],"nm":"Group 1","np":2,"cix":2,"bm":0,"ix":1,"mn":"ADBE Vector Group","hd":false}],"ip":0,"op":101,"st":0,"bm":0},{"ddd":0,"ind":38,"ty":4,"nm":"Shape Layer 33","parent":27,"sr":1,"ks":{"o":{"a":0,"k":100,"ix":11},"r":{"a":0,"k":0,"ix":10},"p":{"a":0,"k":[124.756,4.811,0],"ix":2},"a":{"a":0,"k":[16.416,20.749,0],"ix":1},"s":{"a":0,"k":[100,100,100],"ix":6}},"ao":0,"shapes":[{"ty":"gr","it":[{"ind":0,"ty":"sh","ix":1,"ks":{"a":0,"k":{"i":[[18.98,-1.81],[-0.132,-0.791],[0.048,5.981]],"o":[[0,0],[20.497,-1.029],[-0.383,6.004]],"v":[[57.09,391.003],[57.462,392.722],[79.164,364.108]],"c":true},"ix":2},"nm":"Path 2","mn":"ADBE Vector Shape - Group","hd":false},{"ty":"fl","c":{"a":0,"k":[0.741000007181,0.501999978458,0.118000000598,1],"ix":4},"o":{"a":0,"k":100,"ix":5},"r":1,"bm":0,"nm":"Fill 1","mn":"ADBE Vector Graphic - Fill","hd":false},{"ty":"tr","p":{"a":0,"k":[-51.84,-357.061],"ix":2},"a":{"a":0,"k":[0,0],"ix":1},"s":{"a":0,"k":[100,100],"ix":3},"r":{"a":0,"k":0,"ix":6},"o":{"a":0,"k":100,"ix":7},"sk":{"a":0,"k":0,"ix":4},"sa":{"a":0,"k":0,"ix":5},"nm":"Transform"}],"nm":"Group 1","np":2,"cix":2,"bm":0,"ix":1,"mn":"ADBE Vector Group","hd":false}],"ip":0,"op":101,"st":0,"bm":0},{"ddd":0,"ind":39,"ty":4,"nm":"Shape Layer 34","parent":27,"sr":1,"ks":{"o":{"a":0,"k":100,"ix":11},"r":{"a":0,"k":0,"ix":10},"p":{"a":0,"k":[117,5,0],"ix":2},"a":{"a":0,"k":[21,16,0],"ix":1},"s":{"a":0,"k":[100,100,100],"ix":6}},"ao":0,"shapes":[{"ty":"gr","it":[{"ind":0,"ty":"sh","ix":1,"ks":{"a":0,"k":{"i":[[0,0],[-14.829,-0.432],[0,0]],"o":[[0,0],[26.454,0.77],[0,0]],"v":[[39.89,375.166],[54.955,392.746],[79.115,362.585]],"c":true},"ix":2},"nm":"Path 4","mn":"ADBE Vector Shape - Group","hd":false},{"ty":"fl","c":{"a":0,"k":[1,0.764705882353,0.254901960784,1],"ix":4},"o":{"a":0,"k":100,"ix":5},"r":1,"bm":0,"nm":"Fill 1","mn":"ADBE Vector Graphic - Fill","hd":false},{"ty":"tr","p":{"a":0,"k":[-39.5,-362],"ix":2},"a":{"a":0,"k":[0,0],"ix":1},"s":{"a":0,"k":[100,100],"ix":3},"r":{"a":0,"k":0,"ix":6},"o":{"a":0,"k":100,"ix":7},"sk":{"a":0,"k":0,"ix":4},"sa":{"a":0,"k":0,"ix":5},"nm":"Transform"}],"nm":"Group 1","np":2,"cix":2,"bm":0,"ix":1,"mn":"ADBE Vector Group","hd":false}],"ip":0,"op":101,"st":0,"bm":0},{"ddd":0,"ind":40,"ty":4,"nm":"Shape Layer 24","sr":1,"ks":{"o":{"a":0,"k":100,"ix":11},"r":{"a":0,"k":0,"ix":10},"p":{"a":0,"k":[563.977,1186.164,0],"ix":2},"a":{"a":0,"k":[34.497,34.69,0],"ix":1},"s":{"a":0,"k":[100,100,100],"ix":6}},"ao":0,"shapes":[{"ty":"gr","it":[{"ind":0,"ty":"sh","ix":1,"ks":{"a":0,"k":{"i":[[0.137,-0.002],[-0.162,-16.105],[-19.471,0.293],[0.162,16.108],[15.955,0]],"o":[[-16.153,0.245],[0.162,16.105],[19.546,-0.293],[-0.159,-15.966],[-0.138,0]],"v":[[1.614,506.727],[-27.77,537.478],[2.201,565.6],[30.721,536.597],[2.026,506.725]],"c":true},"ix":2},"nm":"Path 2","mn":"ADBE Vector Shape - Group","hd":false},{"ty":"fl","c":{"a":0,"k":[1,0.905999995213,0.847000002394,1],"ix":4},"o":{"a":0,"k":100,"ix":5},"r":1,"bm":0,"nm":"Fill 1","mn":"ADBE Vector Graphic - Fill","hd":false},{"ty":"tr","p":{"a":0,"k":[33.021,-501.474],"ix":2},"a":{"a":0,"k":[0,0],"ix":1},"s":{"a":0,"k":[100,100],"ix":3},"r":{"a":0,"k":0,"ix":6},"o":{"a":0,"k":100,"ix":7},"sk":{"a":0,"k":0,"ix":4},"sa":{"a":0,"k":0,"ix":5},"nm":"Transform"}],"nm":"Group 1","np":2,"cix":2,"bm":0,"ix":1,"mn":"ADBE Vector Group","hd":false}],"ip":0,"op":101,"st":0,"bm":0},{"ddd":0,"ind":41,"ty":4,"nm":"Shape Layer 25","sr":1,"ks":{"o":{"a":0,"k":100,"ix":11},"r":{"a":0,"k":0,"ix":10},"p":{"a":0,"k":[564.978,1187.852,0],"ix":2},"a":{"a":0,"k":[34.499,34.69,0],"ix":1},"s":{"a":0,"k":[100,100,100],"ix":6}},"ao":0,"shapes":[{"ty":"gr","it":[{"ind":0,"ty":"sh","ix":1,"ks":{"a":0,"k":{"i":[[0.137,-0.002],[-0.162,-16.106],[-19.473,0.294],[0.163,16.108],[15.956,0]],"o":[[-16.153,0.245],[0.161,16.104],[19.545,-0.292],[-0.159,-15.966],[-0.138,0]],"v":[[2.614,508.415],[-26.769,539.166],[3.203,567.287],[31.723,538.285],[3.026,508.412]],"c":true},"ix":2},"nm":"Path 2","mn":"ADBE Vector Shape - Group","hd":false},{"ty":"fl","c":{"a":0,"k":[0.855000035903,0.842999985639,0.830999995213,1],"ix":4},"o":{"a":0,"k":100,"ix":5},"r":1,"bm":0,"nm":"Fill 1","mn":"ADBE Vector Graphic - Fill","hd":false},{"ty":"tr","p":{"a":0,"k":[32.021,-503.162],"ix":2},"a":{"a":0,"k":[0,0],"ix":1},"s":{"a":0,"k":[100,100],"ix":3},"r":{"a":0,"k":0,"ix":6},"o":{"a":0,"k":100,"ix":7},"sk":{"a":0,"k":0,"ix":4},"sa":{"a":0,"k":0,"ix":5},"nm":"Transform"}],"nm":"Group 1","np":2,"cix":2,"bm":0,"ix":1,"mn":"ADBE Vector Group","hd":false}],"ip":0,"op":101,"st":0,"bm":0},{"ddd":0,"ind":42,"ty":4,"nm":"Shape Layer 28","sr":1,"ks":{"o":{"a":0,"k":100,"ix":11},"r":{"a":0,"k":0,"ix":10},"p":{"a":0,"k":[564.5,1148,0],"ix":2},"a":{"a":0,"k":[47.5,75,0],"ix":1},"s":{"a":0,"k":[100,100,100],"ix":6}},"ao":0,"shapes":[{"ty":"gr","it":[{"ind":0,"ty":"sh","ix":1,"ks":{"a":0,"k":{"i":[[0,0],[0,0],[0,0],[0,0],[-4.348,-36.574],[-15.63,-0.562],[0,0],[0,0],[0,0],[0,0],[-3.608,36.615],[0,0],[0,0],[0,0]],"o":[[0,0],[0,0],[0,0],[0,0],[4.343,36.492],[0,0],[0,0],[0,0],[0,0],[16.591,-0.777],[3.616,-36.692],[0,0],[0,0],[0,0]],"v":[[0.664,423.48],[0.612,423.48],[0.612,423.482],[-12.115,424.157],[-40.467,529.637],[3.669,572.951],[3.673,572.948],[3.683,572.928],[3.702,572.907],[3.706,572.902],[45.255,528.321],[13.451,423.773],[0.714,423.482],[0.714,423.475]],"c":true},"ix":2},"nm":"Path 4","mn":"ADBE Vector Shape - Group","hd":false},{"ty":"fl","c":{"a":0,"k":[1,0.721568627451,0.160784313725,1],"ix":4},"o":{"a":0,"k":100,"ix":5},"r":1,"bm":0,"nm":"Fill 1","mn":"ADBE Vector Graphic - Fill","hd":false},{"ty":"tr","p":{"a":0,"k":[45.5,-423],"ix":2},"a":{"a":0,"k":[0,0],"ix":1},"s":{"a":0,"k":[100,100],"ix":3},"r":{"a":0,"k":0,"ix":6},"o":{"a":0,"k":100,"ix":7},"sk":{"a":0,"k":0,"ix":4},"sa":{"a":0,"k":0,"ix":5},"nm":"Transform"}],"nm":"Group 1","np":2,"cix":2,"bm":0,"ix":1,"mn":"ADBE Vector Group","hd":false}],"ip":0,"op":101,"st":0,"bm":0},{"ddd":0,"ind":43,"ty":4,"nm":"Shape Layer 29","sr":1,"ks":{"o":{"a":0,"k":100,"ix":11},"r":{"a":0,"k":0,"ix":10},"p":{"a":0,"k":[541.5,1201,0],"ix":2},"a":{"a":0,"k":[27.5,54,0],"ix":1},"s":{"a":0,"k":[100,100,100],"ix":6}},"ao":0,"shapes":[{"ty":"gr","it":[{"ind":0,"ty":"sh","ix":1,"ks":{"a":0,"k":{"i":[[-10.78,-46.758],[-19.302,12.32],[0,0],[7.566,0]],"o":[[0,0],[13.928,-8.887],[0,0],[-16.568,0]],"v":[[-37.699,551.214],[-9.246,591.946],[6.25,498.66],[-7.183,497.129]],"c":true},"ix":2},"nm":"Path 4","mn":"ADBE Vector Shape - Group","hd":false},{"ty":"fl","c":{"a":0,"k":[1,0.741176470588,0.196078431373,1],"ix":4},"o":{"a":0,"k":100,"ix":5},"r":1,"bm":0,"nm":"Fill 1","mn":"ADBE Vector Graphic - Fill","hd":false},{"ty":"tr","p":{"a":0,"k":[48.5,-497],"ix":2},"a":{"a":0,"k":[0,0],"ix":1},"s":{"a":0,"k":[100,100],"ix":3},"r":{"a":0,"k":0,"ix":6},"o":{"a":0,"k":100,"ix":7},"sk":{"a":0,"k":0,"ix":4},"sa":{"a":0,"k":0,"ix":5},"nm":"Transform"}],"nm":"Group 1","np":2,"cix":2,"bm":0,"ix":1,"mn":"ADBE Vector Group","hd":false}],"ip":0,"op":101,"st":0,"bm":0},{"ddd":0,"ind":44,"ty":4,"nm":"Shape Layer 30","sr":1,"ks":{"o":{"a":0,"k":100,"ix":11},"r":{"a":0,"k":0,"ix":10},"p":{"a":0,"k":[585.5,1201.5,0],"ix":2},"a":{"a":0,"k":[27.5,53.5,0],"ix":1},"s":{"a":0,"k":[100,100,100],"ix":6}},"ao":0,"shapes":[{"ty":"gr","it":[{"ind":0,"ty":"sh","ix":1,"ks":{"a":0,"k":{"i":[[0.002,0],[0,0],[-14.354,-8.034],[0,0],[16.353,0]],"o":[[-9.067,0],[0,0],[19.893,11.137],[7.893,-44.345],[-0.002,0]],"v":[[12.449,498.849],[-4.107,501.282],[16.041,593.482],[42.416,551.106],[12.454,498.849]],"c":true},"ix":2},"nm":"Path 4","mn":"ADBE Vector Shape - Group","hd":false},{"ty":"fl","c":{"a":0,"k":[1,0.741176470588,0.196078431373,1],"ix":4},"o":{"a":0,"k":100,"ix":5},"r":1,"bm":0,"nm":"Fill 1","mn":"ADBE Vector Graphic - Fill","hd":false},{"ty":"tr","p":{"a":0,"k":[4.5,-498],"ix":2},"a":{"a":0,"k":[0,0],"ix":1},"s":{"a":0,"k":[100,100],"ix":3},"r":{"a":0,"k":0,"ix":6},"o":{"a":0,"k":100,"ix":7},"sk":{"a":0,"k":0,"ix":4},"sa":{"a":0,"k":0,"ix":5},"nm":"Transform"}],"nm":"Group 1","np":2,"cix":2,"bm":0,"ix":1,"mn":"ADBE Vector Group","hd":false}],"ip":0,"op":101,"st":0,"bm":0},{"ddd":0,"ind":45,"ty":4,"nm":"Shape Layer 31","sr":1,"ks":{"o":{"a":0,"k":100,"ix":11},"r":{"a":1,"k":[{"i":{"x":[0.833],"y":[0.833]},"o":{"x":[0.167],"y":[0.167]},"t":0,"s":[-45]},{"i":{"x":[0.833],"y":[0.833]},"o":{"x":[0.167],"y":[0.167]},"t":24,"s":[-45]},{"i":{"x":[0.833],"y":[0.833]},"o":{"x":[0.167],"y":[0.167]},"t":32,"s":[20]},{"i":{"x":[0.833],"y":[0.833]},"o":{"x":[0.167],"y":[0.167]},"t":36,"s":[-4]},{"i":{"x":[0.833],"y":[0.833]},"o":{"x":[0.167],"y":[0.167]},"t":40,"s":[20]},{"i":{"x":[0.833],"y":[0.833]},"o":{"x":[0.167],"y":[0.167]},"t":44,"s":[-4]},{"i":{"x":[0.833],"y":[0.833]},"o":{"x":[0.167],"y":[0.167]},"t":48,"s":[20]},{"i":{"x":[0.833],"y":[0.833]},"o":{"x":[0.167],"y":[0.167]},"t":52,"s":[-4]},{"i":{"x":[0.833],"y":[0.833]},"o":{"x":[0.167],"y":[0.167]},"t":56,"s":[20]},{"i":{"x":[0.833],"y":[0.833]},"o":{"x":[0.167],"y":[0.167]},"t":60,"s":[0]},{"i":{"x":[0.833],"y":[0.833]},"o":{"x":[0.167],"y":[0.167]},"t":64,"s":[15]},{"i":{"x":[0.833],"y":[0.833]},"o":{"x":[0.167],"y":[0.167]},"t":68,"s":[0]},{"i":{"x":[0.833],"y":[0.833]},"o":{"x":[0.167],"y":[0.167]},"t":72,"s":[15]},{"i":{"x":[0.833],"y":[0.833]},"o":{"x":[0.167],"y":[0.167]},"t":76,"s":[0]},{"i":{"x":[0.833],"y":[0.833]},"o":{"x":[0.167],"y":[0.167]},"t":80,"s":[15]},{"i":{"x":[0.833],"y":[0.833]},"o":{"x":[0.167],"y":[0.167]},"t":84,"s":[0]},{"i":{"x":[0.833],"y":[0.833]},"o":{"x":[0.167],"y":[0.167]},"t":88,"s":[15]},{"i":{"x":[0.833],"y":[0.833]},"o":{"x":[0.167],"y":[0.167]},"t":92,"s":[0]},{"t":100,"s":[-45]}],"ix":10},"p":{"a":0,"k":[531,1153.5,0],"ix":2},"a":{"a":0,"k":[46,34.5,0],"ix":1},"s":{"a":0,"k":[100,100,100],"ix":6}},"ao":0,"shapes":[{"ty":"gr","it":[{"ind":0,"ty":"sh","ix":1,"ks":{"a":0,"k":{"i":[[0.243,-0.016],[0.08,-0.009],[0.581,-1.372],[-4.508,-7.47],[-9.07,-3.338],[-3.046,10.645],[0.731,4.616],[10.285,2.707],[0,0],[3.647,0.002]],"o":[[-0.189,0.011],[-3.304,0.418],[-2.006,4.755],[9.582,15.87],[3.193,-3.505],[2.847,-9.958],[-4.114,1.277],[-6.297,-1.657],[-4.981,-2.63],[-0.235,0]],"v":[[-69.242,469.896],[-69.637,469.924],[-75.45,476.286],[-70.768,496.569],[-35.354,523.477],[-23.49,502.216],[-22.097,479.176],[-45.225,479.808],[-57.334,474.378],[-68.526,469.87]],"c":true},"ix":2},"nm":"Path 4","mn":"ADBE Vector Shape - Group","hd":false},{"ty":"fl","c":{"a":0,"k":[1,0.729411764706,0.172549019608,1],"ix":4},"o":{"a":0,"k":100,"ix":5},"r":1,"bm":0,"nm":"Fill 1","mn":"ADBE Vector Graphic - Fill","hd":false},{"ty":"tr","p":{"a":0,"k":[77.5,-469],"ix":2},"a":{"a":0,"k":[0,0],"ix":1},"s":{"a":0,"k":[100,100],"ix":3},"r":{"a":0,"k":0,"ix":6},"o":{"a":0,"k":100,"ix":7},"sk":{"a":0,"k":0,"ix":4},"sa":{"a":0,"k":0,"ix":5},"nm":"Transform"}],"nm":"Group 1","np":2,"cix":2,"bm":0,"ix":1,"mn":"ADBE Vector Group","hd":false}],"ip":0,"op":101,"st":0,"bm":0},{"ddd":0,"ind":46,"ty":4,"nm":"Shape Layer 32","sr":1,"ks":{"o":{"a":0,"k":100,"ix":11},"r":{"a":1,"k":[{"i":{"x":[0.833],"y":[0.833]},"o":{"x":[0.167],"y":[0.167]},"t":0,"s":[-20]},{"i":{"x":[0.833],"y":[0.833]},"o":{"x":[0.167],"y":[0.167]},"t":4,"s":[4]},{"i":{"x":[0.833],"y":[0.833]},"o":{"x":[0.167],"y":[0.167]},"t":8,"s":[-20]},{"i":{"x":[0.833],"y":[0.833]},"o":{"x":[0.167],"y":[0.167]},"t":12,"s":[4]},{"i":{"x":[0.833],"y":[0.833]},"o":{"x":[0.167],"y":[0.167]},"t":16,"s":[-20]},{"i":{"x":[0.833],"y":[0.833]},"o":{"x":[0.167],"y":[0.167]},"t":20,"s":[4]},{"i":{"x":[0.833],"y":[0.833]},"o":{"x":[0.167],"y":[0.167]},"t":24,"s":[-20]},{"i":{"x":[0.833],"y":[0.833]},"o":{"x":[0.167],"y":[0.167]},"t":32,"s":[40]},{"i":{"x":[0.833],"y":[0.833]},"o":{"x":[0.167],"y":[0.167]},"t":56,"s":[40]},{"i":{"x":[0.833],"y":[0.833]},"o":{"x":[0.167],"y":[0.167]},"t":60,"s":[0]},{"i":{"x":[0.833],"y":[0.833]},"o":{"x":[0.167],"y":[0.167]},"t":64,"s":[-15]},{"i":{"x":[0.833],"y":[0.833]},"o":{"x":[0.167],"y":[0.167]},"t":68,"s":[0]},{"i":{"x":[0.833],"y":[0.833]},"o":{"x":[0.167],"y":[0.167]},"t":72,"s":[-15]},{"i":{"x":[0.833],"y":[0.833]},"o":{"x":[0.167],"y":[0.167]},"t":76,"s":[0]},{"i":{"x":[0.833],"y":[0.833]},"o":{"x":[0.167],"y":[0.167]},"t":80,"s":[-15]},{"i":{"x":[0.833],"y":[0.833]},"o":{"x":[0.167],"y":[0.167]},"t":84,"s":[0]},{"i":{"x":[0.833],"y":[0.833]},"o":{"x":[0.167],"y":[0.167]},"t":88,"s":[-15]},{"i":{"x":[0.833],"y":[0.833]},"o":{"x":[0.167],"y":[0.167]},"t":92,"s":[0]},{"t":100,"s":[-20]}],"ix":10},"p":{"a":0,"k":[596,1154,0],"ix":2},"a":{"a":0,"k":[10,35,0],"ix":1},"s":{"a":0,"k":[100,100,100],"ix":6}},"ao":0,"shapes":[{"ty":"gr","it":[{"ind":0,"ty":"sh","ix":1,"ks":{"a":0,"k":{"i":[[4.821,-2.151],[6.396,-1.24],[4.023,1.546],[-2.189,-10.122],[-2.959,-3.708],[-10.602,15.206],[1.69,4.876],[3.27,0.635],[0.188,0.023],[0.452,0]],"o":[[0,0],[-10.439,2.025],[-1.033,4.561],[2.341,10.825],[9.27,-2.735],[4.988,-7.159],[-0.486,-1.408],[-0.078,-0.015],[-0.48,-0.064],[-3.306,0]],"v":[[61.863,473.778],[49.423,478.402],[26.389,476.252],[26.267,499.331],[36.713,521.326],[73.813,496.802],[79.814,476.872],[74.431,470.141],[74.039,470.088],[72.646,469.993]],"c":true},"ix":2},"nm":"Path 4","mn":"ADBE Vector Shape - Group","hd":false},{"ty":"fl","c":{"a":0,"k":[1,0.729411764706,0.172549019608,1],"ix":4},"o":{"a":0,"k":100,"ix":5},"r":1,"bm":0,"nm":"Fill 1","mn":"ADBE Vector Graphic - Fill","hd":false},{"ty":"tr","p":{"a":0,"k":[-23.5,-469],"ix":2},"a":{"a":0,"k":[0,0],"ix":1},"s":{"a":0,"k":[100,100],"ix":3},"r":{"a":0,"k":0,"ix":6},"o":{"a":0,"k":100,"ix":7},"sk":{"a":0,"k":0,"ix":4},"sa":{"a":0,"k":0,"ix":5},"nm":"Transform"}],"nm":"Group 1","np":2,"cix":2,"bm":0,"ix":1,"mn":"ADBE Vector Group","hd":false}],"ip":0,"op":101,"st":0,"bm":0},{"ddd":0,"ind":47,"ty":4,"nm":"Shape Layer 35","sr":1,"ks":{"o":{"a":0,"k":100,"ix":11},"r":{"a":0,"k":0,"ix":10},"p":{"a":0,"k":[563.5,1247.5,0],"ix":2},"a":{"a":0,"k":[61.75,13.75,0],"ix":1},"s":{"a":0,"k":[100,100,100],"ix":6}},"ao":0,"shapes":[{"ty":"gr","it":[{"ind":0,"ty":"sh","ix":1,"ks":{"a":0,"k":{"i":[[0,-4.694],[-31.204,0],[0,4.695],[31.204,0]],"o":[[0,4.695],[31.204,0],[0,-4.694],[-31.204,0]],"v":[[-55.5,597.5],[1,606],[57.5,597.5],[1,589]],"c":true},"ix":2},"nm":"Path 2","mn":"ADBE Vector Shape - Group","hd":false},{"ty":"fl","c":{"a":0,"k":[0.57599995931,0.752999997606,0.388000009574,1],"ix":4},"o":{"a":0,"k":100,"ix":5},"r":1,"bm":0,"nm":"Fill 1","mn":"ADBE Vector Graphic - Fill","hd":false},{"ty":"tr","p":{"a":0,"k":[60.75,-583.75],"ix":2},"a":{"a":0,"k":[0,0],"ix":1},"s":{"a":0,"k":[100,100],"ix":3},"r":{"a":0,"k":0,"ix":6},"o":{"a":0,"k":100,"ix":7},"sk":{"a":0,"k":0,"ix":4},"sa":{"a":0,"k":0,"ix":5},"nm":"Transform"}],"nm":"Group 1","np":2,"cix":2,"bm":0,"ix":1,"mn":"ADBE Vector Group","hd":false}],"ip":0,"op":101,"st":0,"bm":0}]}],"layers":[{"ddd":0,"ind":1,"ty":0,"nm":"小鹿","refId":"comp_0","sr":1,"ks":{"o":{"a":0,"k":100,"ix":11},"r":{"a":0,"k":0,"ix":10},"p":{"a":0,"k":[562.5,650,0],"ix":2},"a":{"a":0,"k":[562.5,650,0],"ix":1},"s":{"a":0,"k":[100,100,100],"ix":6}},"ao":0,"w":1125,"h":1300,"ip":100,"op":201,"st":100,"bm":0},{"ddd":0,"ind":2,"ty":0,"nm":"小鹿","refId":"comp_0","sr":1,"ks":{"o":{"a":0,"k":100,"ix":11},"r":{"a":0,"k":0,"ix":10},"p":{"a":0,"k":[562.5,650,0],"ix":2},"a":{"a":0,"k":[562.5,650,0],"ix":1},"s":{"a":0,"k":[100,100,100],"ix":6}},"ao":0,"w":1125,"h":1300,"ip":0,"op":101,"st":0,"bm":0},{"ddd":0,"ind":3,"ty":2,"nm":"桥.png","cl":"png","refId":"image_0","sr":1,"ks":{"o":{"a":0,"k":100,"ix":11},"r":{"a":0,"k":0,"ix":10},"p":{"a":0,"k":[562.5,650,0],"ix":2},"a":{"a":0,"k":[562.5,650,0],"ix":1},"s":{"a":0,"k":[100,100,100],"ix":6}},"ao":0,"ip":0,"op":250,"st":0,"bm":0},{"ddd":0,"ind":4,"ty":4,"nm":"Shape Layer 38","sr":1,"ks":{"o":{"a":0,"k":100,"ix":11},"r":{"a":0,"k":0,"ix":10},"p":{"a":1,"k":[{"i":{"x":0.833,"y":0.833},"o":{"x":0.167,"y":0.167},"t":-33,"s":[-62,947,0],"to":[208,0,0],"ti":[-208,0,0]},{"t":167,"s":[1186,947,0]}],"ix":2},"a":{"a":0,"k":[60.25,13.25,0],"ix":1},"s":{"a":0,"k":[100,100,100],"ix":6}},"ao":0,"shapes":[{"ty":"gr","it":[{"ind":0,"ty":"sh","ix":1,"ks":{"a":0,"k":{"i":[[4.219,-0.812],[6.52,-4.941],[-19.799,-0.19],[-16.645,-0.274],[2.194,1.367],[2.221,1.144],[3.668,-0.168],[3.191,-2.152],[16.812,0]],"o":[[-13.391,2.577],[19.803,0.031],[16.644,0.159],[-4.676,-0.14],[-1.762,-1.095],[-2.044,-1.054],[-1.568,0.073],[-6.337,-3.773],[-3.859,0]],"v":[[-423.294,290.16],[-453.5,304.011],[-394.096,304.341],[-344.161,304.99],[-354.325,302.031],[-358.855,299.065],[-367.413,296.755],[-374.965,299.394],[-411.161,289]],"c":true},"ix":2},"nm":"Path 2","mn":"ADBE Vector Shape - Group","hd":false},{"ty":"fl","c":{"a":0,"k":[0.984000052658,0.984000052658,0.995999983245,1],"ix":4},"o":{"a":0,"k":100,"ix":5},"r":1,"bm":0,"nm":"Fill 1","mn":"ADBE Vector Graphic - Fill","hd":false},{"ty":"tr","p":{"a":0,"k":[458.75,-283.75],"ix":2},"a":{"a":0,"k":[0,0],"ix":1},"s":{"a":0,"k":[100,100],"ix":3},"r":{"a":0,"k":0,"ix":6},"o":{"a":0,"k":100,"ix":7},"sk":{"a":0,"k":0,"ix":4},"sa":{"a":0,"k":0,"ix":5},"nm":"Transform"}],"nm":"Group 1","np":2,"cix":2,"bm":0,"ix":1,"mn":"ADBE Vector Group","hd":false}],"ip":0,"op":168,"st":-33,"bm":0},{"ddd":0,"ind":5,"ty":4,"nm":"Shape Layer 36","sr":1,"ks":{"o":{"a":0,"k":100,"ix":11},"r":{"a":0,"k":0,"ix":10},"p":{"a":1,"k":[{"i":{"x":0.833,"y":0.833},"o":{"x":0.167,"y":0.167},"t":168,"s":[-62,947,0],"to":[208,0,0],"ti":[-208,0,0]},{"t":368,"s":[1186,947,0]}],"ix":2},"a":{"a":0,"k":[60.25,13.25,0],"ix":1},"s":{"a":0,"k":[100,100,100],"ix":6}},"ao":0,"shapes":[{"ty":"gr","it":[{"ind":0,"ty":"sh","ix":1,"ks":{"a":0,"k":{"i":[[4.219,-0.812],[6.52,-4.941],[-19.799,-0.19],[-16.645,-0.274],[2.194,1.367],[2.221,1.144],[3.668,-0.168],[3.191,-2.152],[16.812,0]],"o":[[-13.391,2.577],[19.803,0.031],[16.644,0.159],[-4.676,-0.14],[-1.762,-1.095],[-2.044,-1.054],[-1.568,0.073],[-6.337,-3.773],[-3.859,0]],"v":[[-423.294,290.16],[-453.5,304.011],[-394.096,304.341],[-344.161,304.99],[-354.325,302.031],[-358.855,299.065],[-367.413,296.755],[-374.965,299.394],[-411.161,289]],"c":true},"ix":2},"nm":"Path 2","mn":"ADBE Vector Shape - Group","hd":false},{"ty":"fl","c":{"a":0,"k":[0.984000052658,0.984000052658,0.995999983245,1],"ix":4},"o":{"a":0,"k":100,"ix":5},"r":1,"bm":0,"nm":"Fill 1","mn":"ADBE Vector Graphic - Fill","hd":false},{"ty":"tr","p":{"a":0,"k":[458.75,-283.75],"ix":2},"a":{"a":0,"k":[0,0],"ix":1},"s":{"a":0,"k":[100,100],"ix":3},"r":{"a":0,"k":0,"ix":6},"o":{"a":0,"k":100,"ix":7},"sk":{"a":0,"k":0,"ix":4},"sa":{"a":0,"k":0,"ix":5},"nm":"Transform"}],"nm":"Group 1","np":2,"cix":2,"bm":0,"ix":1,"mn":"ADBE Vector Group","hd":false}],"ip":168,"op":201,"st":168,"bm":0},{"ddd":0,"ind":6,"ty":4,"nm":"Shape Layer 39","sr":1,"ks":{"o":{"a":0,"k":100,"ix":11},"r":{"a":0,"k":0,"ix":10},"p":{"a":1,"k":[{"i":{"x":0.833,"y":0.833},"o":{"x":0.167,"y":0.167},"t":-159,"s":[-76,939.5,0],"to":[212.917,0,0],"ti":[-212.917,0,0]},{"t":41,"s":[1201.5,939.5,0]}],"ix":2},"a":{"a":0,"k":[75.75,17.75,0],"ix":1},"s":{"a":0,"k":[100,100,100],"ix":6}},"ao":0,"shapes":[{"ty":"gr","it":[{"ind":0,"ty":"sh","ix":1,"ks":{"a":0,"k":{"i":[[0.005,0],[8.122,-5.895],[2.009,0.114],[2.62,-1.645],[2.258,-1.713],[6.001,-0.217],[-21.34,0.249],[-25.384,0.047],[17.166,4.025],[4.944,0]],"o":[[-21.544,0.002],[-4.091,-3.364],[-4.703,-0.264],[-2.848,1.789],[-2.814,2.137],[21.341,-0.428],[25.38,-0.297],[-8.356,-7.72],[-5.406,-1.269],[-0.005,0]],"v":[[421.224,277],[374.832,293.24],[365.152,289.117],[354.182,292.724],[348.374,297.361],[335.333,301.984],[399.353,300.97],[475.5,300.454],[436.781,278.815],[421.237,277]],"c":true},"ix":2},"nm":"Path 2","mn":"ADBE Vector Shape - Group","hd":false},{"ty":"fl","c":{"a":0,"k":[0.984000052658,0.984000052658,0.995999983245,1],"ix":4},"o":{"a":0,"k":100,"ix":5},"r":1,"bm":0,"nm":"Fill 1","mn":"ADBE Vector Graphic - Fill","hd":false},{"ty":"tr","p":{"a":0,"k":[-329.25,-271.75],"ix":2},"a":{"a":0,"k":[0,0],"ix":1},"s":{"a":0,"k":[100,100],"ix":3},"r":{"a":0,"k":0,"ix":6},"o":{"a":0,"k":100,"ix":7},"sk":{"a":0,"k":0,"ix":4},"sa":{"a":0,"k":0,"ix":5},"nm":"Transform"}],"nm":"Group 1","np":2,"cix":2,"bm":0,"ix":1,"mn":"ADBE Vector Group","hd":false}],"ip":0,"op":42,"st":-159,"bm":0},{"ddd":0,"ind":7,"ty":4,"nm":"Shape Layer 37","sr":1,"ks":{"o":{"a":0,"k":100,"ix":11},"r":{"a":0,"k":0,"ix":10},"p":{"a":1,"k":[{"i":{"x":0.833,"y":0.833},"o":{"x":0.167,"y":0.167},"t":42,"s":[-76,939.5,0],"to":[212.917,0,0],"ti":[-212.917,0,0]},{"t":242,"s":[1201.5,939.5,0]}],"ix":2},"a":{"a":0,"k":[75.75,17.75,0],"ix":1},"s":{"a":0,"k":[100,100,100],"ix":6}},"ao":0,"shapes":[{"ty":"gr","it":[{"ind":0,"ty":"sh","ix":1,"ks":{"a":0,"k":{"i":[[0.005,0],[8.122,-5.895],[2.009,0.114],[2.62,-1.645],[2.258,-1.713],[6.001,-0.217],[-21.34,0.249],[-25.384,0.047],[17.166,4.025],[4.944,0]],"o":[[-21.544,0.002],[-4.091,-3.364],[-4.703,-0.264],[-2.848,1.789],[-2.814,2.137],[21.341,-0.428],[25.38,-0.297],[-8.356,-7.72],[-5.406,-1.269],[-0.005,0]],"v":[[421.224,277],[374.832,293.24],[365.152,289.117],[354.182,292.724],[348.374,297.361],[335.333,301.984],[399.353,300.97],[475.5,300.454],[436.781,278.815],[421.237,277]],"c":true},"ix":2},"nm":"Path 2","mn":"ADBE Vector Shape - Group","hd":false},{"ty":"fl","c":{"a":0,"k":[0.984000052658,0.984000052658,0.995999983245,1],"ix":4},"o":{"a":0,"k":100,"ix":5},"r":1,"bm":0,"nm":"Fill 1","mn":"ADBE Vector Graphic - Fill","hd":false},{"ty":"tr","p":{"a":0,"k":[-329.25,-271.75],"ix":2},"a":{"a":0,"k":[0,0],"ix":1},"s":{"a":0,"k":[100,100],"ix":3},"r":{"a":0,"k":0,"ix":6},"o":{"a":0,"k":100,"ix":7},"sk":{"a":0,"k":0,"ix":4},"sa":{"a":0,"k":0,"ix":5},"nm":"Transform"}],"nm":"Group 1","np":2,"cix":2,"bm":0,"ix":1,"mn":"ADBE Vector Group","hd":false}],"ip":42,"op":201,"st":42,"bm":0},{"ddd":0,"ind":8,"ty":2,"nm":"BG.png","cl":"png","refId":"image_1","sr":1,"ks":{"o":{"a":0,"k":100,"ix":11},"r":{"a":0,"k":0,"ix":10},"p":{"a":0,"k":[562.5,650,0],"ix":2},"a":{"a":0,"k":[562.5,650,0],"ix":1},"s":{"a":0,"k":[100,100,100],"ix":6}},"ao":0,"ip":0,"op":250,"st":0,"bm":0}],"markers":[]}