{"v":"5.5.2","fr":25,"ip":0,"op":201,"w":1125,"h":1300,"nm":"德","ddd":0,"assets":[{"id":"image_0","w":1125,"h":1300,"u":"images/","p":"img_0.png","e":0},{"id":"image_1","w":1125,"h":1300,"u":"images/","p":"img_1.png","e":0},{"id":"image_2","w":1125,"h":1300,"u":"images/","p":"img_2.png","e":0},{"id":"comp_0","layers":[{"ddd":0,"ind":1,"ty":4,"nm":"Shape Layer 33","parent":2,"sr":1,"ks":{"o":{"a":0,"k":100,"ix":11},"r":{"a":0,"k":0,"ix":10},"p":{"a":0,"k":[11.096,19.719,0],"ix":2},"a":{"a":0,"k":[7.564,9.291,0],"ix":1},"s":{"a":0,"k":[100,100,100],"ix":6}},"ao":0,"shapes":[{"ty":"gr","it":[{"ind":0,"ty":"sh","ix":1,"ks":{"a":0,"k":{"i":[[0.009,-0.038],[0,0],[-0.045,-0.01],[0,0],[-0.01,0.045],[0,0],[0.045,0.01],[0,0],[0.007,0]],"o":[[0,0],[-0.01,0.046],[0,0],[0.043,0.011],[0,0],[0.008,-0.045],[0,0],[-0.007,-0.002],[-0.037,0]],"v":[[-61.547,399.701],[-63.16,406.99],[-63.097,407.09],[-60.248,407.715],[-60.15,407.652],[-58.534,400.363],[-58.599,400.264],[-61.447,399.639],[-61.467,399.636]],"c":true},"ix":2},"nm":"Path 2","mn":"ADBE Vector Shape - Group","hd":false},{"ty":"fl","c":{"a":0,"k":[1,1,1,1],"ix":4},"o":{"a":0,"k":100,"ix":5},"r":1,"bm":0,"nm":"Fill 1","mn":"ADBE Vector Graphic - Fill","hd":false},{"ty":"tr","p":{"a":0,"k":[68.412,-394.386],"ix":2},"a":{"a":0,"k":[0,0],"ix":1},"s":{"a":0,"k":[100,100],"ix":3},"r":{"a":0,"k":0,"ix":6},"o":{"a":0,"k":100,"ix":7},"sk":{"a":0,"k":0,"ix":4},"sa":{"a":0,"k":0,"ix":5},"nm":"Transform"}],"nm":"Group 1","np":2,"cix":2,"bm":0,"ix":1,"mn":"ADBE Vector Group","hd":false}],"ip":0,"op":15,"st":-20,"bm":0},{"ddd":0,"ind":2,"ty":4,"nm":"Shape Layer 34","parent":9,"sr":1,"ks":{"o":{"a":0,"k":100,"ix":11},"r":{"a":0,"k":-11,"ix":10},"p":{"a":0,"k":[185.779,112.299,0],"ix":2},"a":{"a":0,"k":[13.064,18.891,0],"ix":1},"s":{"a":0,"k":[238.095,238.095,100],"ix":6}},"ao":0,"shapes":[{"ty":"gr","it":[{"ind":0,"ty":"sh","ix":1,"ks":{"a":0,"k":{"i":[[0.028,-0.131],[0,0],[-0.153,-0.034],[0,0],[-0.034,0.153],[0,0],[0.152,0.033],[0,0],[0.02,0]],"o":[[0,0],[-0.035,0.152],[0,0],[0.151,0.034],[0,0],[0.034,-0.15],[0,0],[-0.021,-0.004],[-0.129,0]],"v":[[-61.235,389.428],[-66.686,414.034],[-66.471,414.369],[-56.856,416.483],[-56.522,416.269],[-51.073,391.663],[-51.286,391.33],[-60.901,389.215],[-60.962,389.209]],"c":true},"ix":2},"nm":"Path 2","mn":"ADBE Vector Shape - Group","hd":false},{"ty":"fl","c":{"a":0,"k":[0.016000001571,0,0,1],"ix":4},"o":{"a":0,"k":100,"ix":5},"r":1,"bm":0,"nm":"Fill 1","mn":"ADBE Vector Graphic - Fill","hd":false},{"ty":"tr","p":{"a":0,"k":[71.943,-383.958],"ix":2},"a":{"a":0,"k":[0,0],"ix":1},"s":{"a":0,"k":[100,100],"ix":3},"r":{"a":0,"k":0,"ix":6},"o":{"a":0,"k":100,"ix":7},"sk":{"a":0,"k":0,"ix":4},"sa":{"a":0,"k":0,"ix":5},"nm":"Transform"}],"nm":"Group 1","np":2,"cix":2,"bm":0,"ix":1,"mn":"ADBE Vector Group","hd":false}],"ip":0,"op":15,"st":-20,"bm":0},{"ddd":0,"ind":3,"ty":4,"nm":"Shape Layer 35","parent":9,"sr":1,"ks":{"o":{"a":0,"k":100,"ix":11},"r":{"a":0,"k":-6,"ix":10},"p":{"a":0,"k":[70.823,109.627,0],"ix":2},"a":{"a":0,"k":[10.446,8.246,0],"ix":1},"s":{"a":0,"k":[238.095,238.095,100],"ix":6}},"ao":0,"shapes":[{"ty":"gr","it":[{"ind":0,"ty":"sh","ix":1,"ks":{"a":0,"k":{"i":[[0,0],[0,0],[0,0],[0,0],[0,0],[0,0]],"o":[[0,0],[0,0],[0,0],[0,0],[0,0],[0,0]],"v":[[-8.904,-6.212],[4.682,2.962],[-10.195,5.879],[-9.776,7.996],[10.195,4.078],[-7.69,-7.996]],"c":true},"ix":2},"nm":"Path 1","mn":"ADBE Vector Shape - Group","hd":false},{"ty":"fl","c":{"a":0,"k":[0.016000001571,0,0,1],"ix":4},"o":{"a":0,"k":100,"ix":5},"r":1,"bm":0,"nm":"Fill 1","mn":"ADBE Vector Graphic - Fill","hd":false},{"ty":"tr","p":{"a":0,"k":[10.445,8.247],"ix":2},"a":{"a":0,"k":[0,0],"ix":1},"s":{"a":0,"k":[100,100],"ix":3},"r":{"a":0,"k":0,"ix":6},"o":{"a":0,"k":100,"ix":7},"sk":{"a":0,"k":0,"ix":4},"sa":{"a":0,"k":0,"ix":5},"nm":"Transform"}],"nm":"Group 1","np":2,"cix":2,"bm":0,"ix":1,"mn":"ADBE Vector Group","hd":false}],"ip":0,"op":15,"st":-20,"bm":0},{"ddd":0,"ind":4,"ty":4,"nm":"youyan 2","parent":9,"sr":1,"ks":{"o":{"a":0,"k":100,"ix":11},"r":{"a":0,"k":0,"ix":10},"p":{"a":0,"k":[146.31,195.157,0],"ix":2},"a":{"a":0,"k":[0,0,0],"ix":1},"s":{"a":0,"k":[100,100,100],"ix":6}},"ao":0,"shapes":[{"ty":"gr","it":[{"ind":0,"ty":"sh","ix":1,"ks":{"a":0,"k":{"i":[[18.127,0.713],[0,0],[-16.375,-0.75],[0,0]],"o":[[-22.25,-0.875],[0,0],[13.707,0.628],[0,0]],"v":[[46.25,-93.625],[20,-75.25],[45.875,-89.25],[68.25,-71.25]],"c":true},"ix":2},"nm":"Path 1","mn":"ADBE Vector Shape - Group","hd":false},{"ty":"fl","c":{"a":0,"k":[0,0,0,1],"ix":4},"o":{"a":0,"k":100,"ix":5},"r":1,"bm":0,"nm":"Fill 1","mn":"ADBE Vector Graphic - Fill","hd":false},{"ty":"tr","p":{"a":0,"k":[0,0],"ix":2},"a":{"a":0,"k":[0,0],"ix":1},"s":{"a":0,"k":[100,100],"ix":3},"r":{"a":0,"k":0,"ix":6},"o":{"a":0,"k":100,"ix":7},"sk":{"a":0,"k":0,"ix":4},"sa":{"a":0,"k":0,"ix":5},"nm":"Transform"}],"nm":"Shape 1","np":3,"cix":2,"bm":0,"ix":1,"mn":"ADBE Vector Group","hd":false}],"ip":15,"op":101,"st":-20,"bm":0},{"ddd":0,"ind":5,"ty":4,"nm":"zuoyan 2","parent":9,"sr":1,"ks":{"o":{"a":0,"k":100,"ix":11},"r":{"a":0,"k":0,"ix":10},"p":{"a":0,"k":[146.31,195.157,0],"ix":2},"a":{"a":0,"k":[0,0,0],"ix":1},"s":{"a":0,"k":[100,100,100],"ix":6}},"ao":0,"shapes":[{"ty":"gr","it":[{"ind":0,"ty":"sh","ix":1,"ks":{"a":0,"k":{"i":[[19.938,-0.933],[0,0],[-18.887,1.057],[0,0]],"o":[[-21.375,1],[0,0],[16.75,-0.938],[0,0]],"v":[[-78.438,-93.438],[-101.75,-70.563],[-77.938,-89.063],[-53.188,-74.938]],"c":true},"ix":2},"nm":"Path 1","mn":"ADBE Vector Shape - Group","hd":false},{"ty":"fl","c":{"a":0,"k":[0,0,0,1],"ix":4},"o":{"a":0,"k":100,"ix":5},"r":1,"bm":0,"nm":"Fill 1","mn":"ADBE Vector Graphic - Fill","hd":false},{"ty":"tr","p":{"a":0,"k":[0,0],"ix":2},"a":{"a":0,"k":[0,0],"ix":1},"s":{"a":0,"k":[100,100],"ix":3},"r":{"a":0,"k":0,"ix":6},"o":{"a":0,"k":100,"ix":7},"sk":{"a":0,"k":0,"ix":4},"sa":{"a":0,"k":0,"ix":5},"nm":"Transform"}],"nm":"Shape 1","np":3,"cix":2,"bm":0,"ix":1,"mn":"ADBE Vector Group","hd":false}],"ip":15,"op":101,"st":-20,"bm":0},{"ddd":0,"ind":6,"ty":4,"nm":"yanjing","parent":9,"sr":1,"ks":{"o":{"a":0,"k":100,"ix":11},"r":{"a":0,"k":0,"ix":10},"p":{"a":0,"k":[128.459,106.985,0],"ix":2},"a":{"a":0,"k":[147.882,70.303,0],"ix":1},"s":{"a":0,"k":[100,100,100],"ix":6}},"ao":0,"shapes":[{"ty":"gr","it":[{"ind":0,"ty":"sh","ix":1,"ks":{"a":0,"k":{"i":[[0.032,-38.574],[-38.518,-0.028],[-4.275,34.533],[-5.353,-2.654],[-35.514,-0.026],[-0.032,38.578],[38.522,0.032],[0.576,-38.107],[5.112,-1.427],[38.113,0.029]],"o":[[-0.029,38.578],[35.612,0.029],[5.175,-2.442],[4.342,34.404],[38.518,0.031],[0.028,-38.574],[-38.176,-0.028],[-5.197,-1.573],[-0.624,-38.016],[-38.518,-0.032]],"v":[[-147.603,-0.117],[-77.8,69.901],[-8.424,8.59],[8.448,8.891],[77.694,70.022],[147.605,0.114],[77.801,-69.901],[7.906,-1.012],[-7.904,-1.224],[-77.692,-70.021]],"c":true},"ix":2},"nm":"Path 1","mn":"ADBE Vector Shape - Group","hd":false},{"ind":1,"ty":"sh","ix":2,"ks":{"a":0,"k":{"i":[[-0.028,33.604],[-33.551,-0.026],[0.029,-33.6],[33.552,0.022]],"o":[[0.026,-33.604],[33.553,0.028],[-0.025,33.604],[-33.549,-0.028]],"v":[[16.9,0.013],[77.794,-60.879],[138.597,0.108],[77.7,61.007]],"c":true},"ix":2},"nm":"Path 2","mn":"ADBE Vector Shape - Group","hd":false},{"ind":2,"ty":"sh","ix":3,"ks":{"a":0,"k":{"i":[[-0.025,33.603],[-33.556,-0.029],[0.028,-33.6],[33.552,0.026]],"o":[[0.026,-33.604],[33.549,0.026],[-0.025,33.604],[-33.553,-0.028]],"v":[[-138.596,-0.107],[-77.695,-61],[-16.899,-0.013],[-77.793,60.883]],"c":true},"ix":2},"nm":"Path 3","mn":"ADBE Vector Shape - Group","hd":false},{"ty":"fl","c":{"a":0,"k":[0,0,0,1],"ix":4},"o":{"a":0,"k":100,"ix":5},"r":1,"bm":0,"nm":"Fill 1","mn":"ADBE Vector Graphic - Fill","hd":false},{"ty":"tr","p":{"a":0,"k":[147.882,70.303],"ix":2},"a":{"a":0,"k":[0,0],"ix":1},"s":{"a":0,"k":[100,100],"ix":3},"r":{"a":0,"k":0,"ix":6},"o":{"a":0,"k":100,"ix":7},"sk":{"a":0,"k":0,"ix":4},"sa":{"a":0,"k":0,"ix":5},"nm":"Transform"}],"nm":"Group 1","np":4,"cix":2,"bm":0,"ix":1,"mn":"ADBE Vector Group","hd":false}],"ip":0,"op":101,"st":-20,"bm":0},{"ddd":0,"ind":7,"ty":4,"nm":"biguang","parent":8,"sr":1,"ks":{"o":{"a":0,"k":100,"ix":11},"r":{"a":0,"k":0,"ix":10},"p":{"a":0,"k":[7.875,4.071,0],"ix":2},"a":{"a":0,"k":[2.67,1.825,0],"ix":1},"s":{"a":0,"k":[100,100,100],"ix":6}},"ao":0,"shapes":[{"ty":"gr","it":[{"ind":0,"ty":"sh","ix":1,"ks":{"a":0,"k":{"i":[[0,-0.869],[-1.334,0],[0,0.869],[1.337,0.004]],"o":[[0,0.869],[1.336,0],[0.003,-0.866],[-1.336,0]],"v":[[-2.419,-0.002],[-0.003,1.575],[2.417,0.002],[-0.001,-1.575]],"c":true},"ix":2},"nm":"Path 1","mn":"ADBE Vector Shape - Group","hd":false},{"ty":"fl","c":{"a":0,"k":[1,1,1,1],"ix":4},"o":{"a":0,"k":100,"ix":5},"r":1,"bm":0,"nm":"Fill 1","mn":"ADBE Vector Graphic - Fill","hd":false},{"ty":"tr","p":{"a":0,"k":[2.67,1.825],"ix":2},"a":{"a":0,"k":[0,0],"ix":1},"s":{"a":0,"k":[100,100],"ix":3},"r":{"a":0,"k":0,"ix":6},"o":{"a":0,"k":100,"ix":7},"sk":{"a":0,"k":0,"ix":4},"sa":{"a":0,"k":0,"ix":5},"nm":"Transform"}],"nm":"Group 1","np":2,"cix":2,"bm":0,"ix":1,"mn":"ADBE Vector Group","hd":false}],"ip":0,"op":101,"st":-20,"bm":0},{"ddd":0,"ind":8,"ty":4,"nm":"bizi","parent":9,"sr":1,"ks":{"o":{"a":0,"k":100,"ix":11},"r":{"a":0,"k":0,"ix":10},"p":{"a":0,"k":[128.346,253.965,0],"ix":2},"a":{"a":0,"k":[17.063,9.601,0],"ix":1},"s":{"a":0,"k":[100,100,100],"ix":6}},"ao":0,"shapes":[{"ty":"gr","it":[{"ind":0,"ty":"sh","ix":1,"ks":{"a":0,"k":{"i":[[4.478,-3.771],[0,0],[4.57,3.866],[0,0],[-5.852,-0.003],[0,0]],"o":[[0,0],[-4.58,3.86],[0,0],[-4.472,-3.781],[0,0],[5.856,0.003]],"v":[[12.335,1.763],[7.913,5.491],[-7.923,5.478],[-12.341,1.744],[-8.288,-9.348],[8.296,-9.332]],"c":true},"ix":2},"nm":"Path 1","mn":"ADBE Vector Shape - Group","hd":false},{"ty":"fl","c":{"a":0,"k":[0,0,0,1],"ix":4},"o":{"a":0,"k":100,"ix":5},"r":1,"bm":0,"nm":"Fill 1","mn":"ADBE Vector Graphic - Fill","hd":false},{"ty":"tr","p":{"a":0,"k":[17.063,9.601],"ix":2},"a":{"a":0,"k":[0,0],"ix":1},"s":{"a":0,"k":[100,100],"ix":3},"r":{"a":0,"k":0,"ix":6},"o":{"a":0,"k":100,"ix":7},"sk":{"a":0,"k":0,"ix":4},"sa":{"a":0,"k":0,"ix":5},"nm":"Transform"}],"nm":"Group 1","np":2,"cix":2,"bm":0,"ix":1,"mn":"ADBE Vector Group","hd":false}],"ip":0,"op":101,"st":-20,"bm":0},{"ddd":0,"ind":9,"ty":4,"nm":"lian 2","parent":29,"sr":1,"ks":{"o":{"a":0,"k":100,"ix":11},"r":{"a":0,"k":0,"ix":10},"p":{"a":0,"k":[104.211,170.017,0],"ix":2},"a":{"a":0,"k":[128.504,291.092,0],"ix":1},"s":{"a":0,"k":[100,100,100],"ix":6}},"ao":0,"shapes":[{"ty":"gr","it":[{"ind":0,"ty":"sh","ix":1,"ks":{"a":0,"k":{"i":[[-36.124,-0.032],[0,0],[-8.016,35.098],[0,0],[30.145,0.026],[0,0],[-4.218,-29.772],[0,0]],"o":[[0,0],[35.949,0.028],[0,0],[4.472,-29.858],[0,0],[-30.024,-0.022],[0,0],[7.782,35.333]],"v":[[-10.665,145.391],[8.996,145.407],[84.148,85.456],[123.88,-88.552],[75.128,-145.296],[-75.247,-145.413],[-124.135,-89.05],[-85.824,84.86]],"c":true},"ix":2},"nm":"Path 1","mn":"ADBE Vector Shape - Group","hd":false},{"ty":"fl","c":{"a":0,"k":[1,0.749019607843,0.133333333333,1],"ix":4},"o":{"a":0,"k":100,"ix":5},"r":1,"bm":0,"nm":"Fill 1","mn":"ADBE Vector Graphic - Fill","hd":false},{"ty":"tr","p":{"a":0,"k":[128.603,145.685],"ix":2},"a":{"a":0,"k":[0,0],"ix":1},"s":{"a":0,"k":[100,100],"ix":3},"r":{"a":0,"k":0,"ix":6},"o":{"a":0,"k":100,"ix":7},"sk":{"a":0,"k":0,"ix":4},"sa":{"a":0,"k":0,"ix":5},"nm":"Transform"}],"nm":"Group 1","np":2,"cix":2,"bm":0,"ix":1,"mn":"ADBE Vector Group","hd":false}],"ip":0,"op":101,"st":-20,"bm":0},{"ddd":0,"ind":10,"ty":4,"nm":"zuoeryin","parent":11,"sr":1,"ks":{"o":{"a":0,"k":100,"ix":11},"r":{"a":0,"k":0,"ix":10},"p":{"a":0,"k":[29.32,34.06,0],"ix":2},"a":{"a":0,"k":[24.777,34.422,0],"ix":1},"s":{"a":0,"k":[100,100,100],"ix":6}},"ao":0,"shapes":[{"ty":"gr","it":[{"ind":0,"ty":"sh","ix":1,"ks":{"a":0,"k":{"i":[[-5.647,71.011],[-49.961,-4.454],[0.136,-1.814]],"o":[[0,0],[0,0],[0,0]],"v":[[-24.362,-34.421],[24.776,29.263],[23.791,34.414]],"c":true},"ix":2},"nm":"Path 1","mn":"ADBE Vector Shape - Group","hd":false},{"ty":"fl","c":{"a":0,"k":[0.969000004787,0.670999983245,0.011999999776,1],"ix":4},"o":{"a":0,"k":100,"ix":5},"r":1,"bm":0,"nm":"Fill 1","mn":"ADBE Vector Graphic - Fill","hd":false},{"ty":"tr","p":{"a":0,"k":[24.776,34.422],"ix":2},"a":{"a":0,"k":[0,0],"ix":1},"s":{"a":0,"k":[100,100],"ix":3},"r":{"a":0,"k":0,"ix":6},"o":{"a":0,"k":100,"ix":7},"sk":{"a":0,"k":0,"ix":4},"sa":{"a":0,"k":0,"ix":5},"nm":"Transform"}],"nm":"Group 1","np":2,"cix":2,"bm":0,"ix":1,"mn":"ADBE Vector Group","hd":false}],"ip":0,"op":101,"st":-20,"bm":0},{"ddd":0,"ind":11,"ty":4,"nm":"zuoer","parent":9,"sr":1,"ks":{"o":{"a":0,"k":100,"ix":11},"r":{"a":1,"k":[{"i":{"x":[0],"y":[1]},"o":{"x":[0.333],"y":[0]},"t":0,"s":[0]},{"i":{"x":[0.667],"y":[1]},"o":{"x":[1],"y":[0]},"t":10,"s":[-26]},{"t":15,"s":[0]}],"ix":10},"p":{"a":0,"k":[43.539,10.117,0],"ix":2},"a":{"a":0,"k":[92.122,33.737,0],"ix":1},"s":{"a":0,"k":[100,100,100],"ix":6}},"ao":0,"shapes":[{"ty":"gr","it":[{"ind":0,"ty":"sh","ix":1,"ks":{"a":0,"k":{"i":[[0,0],[0,0],[-58.582,2.128]],"o":[[0,0],[0,0],[32.831,-1.193]],"v":[[45.936,-7.058],[-40.982,-34.527],[12.646,32.399]],"c":true},"ix":2},"nm":"Path 1","mn":"ADBE Vector Shape - Group","hd":false},{"ty":"fl","c":{"a":0,"k":[1,0.728999956916,0.051000000449,1],"ix":4},"o":{"a":0,"k":100,"ix":5},"r":1,"bm":0,"nm":"Fill 1","mn":"ADBE Vector Graphic - Fill","hd":false},{"ty":"tr","p":{"a":0,"k":[46.186,34.777],"ix":2},"a":{"a":0,"k":[0,0],"ix":1},"s":{"a":0,"k":[100,100],"ix":3},"r":{"a":0,"k":0,"ix":6},"o":{"a":0,"k":100,"ix":7},"sk":{"a":0,"k":0,"ix":4},"sa":{"a":0,"k":0,"ix":5},"nm":"Transform"}],"nm":"Group 1","np":2,"cix":2,"bm":0,"ix":1,"mn":"ADBE Vector Group","hd":false}],"ip":0,"op":101,"st":-20,"bm":0},{"ddd":0,"ind":12,"ty":4,"nm":"youeryin","parent":13,"sr":1,"ks":{"o":{"a":0,"k":100,"ix":11},"r":{"a":0,"k":0,"ix":10},"p":{"a":0,"k":[63.041,34.024,0],"ix":2},"a":{"a":0,"k":[24.818,34.385,0],"ix":1},"s":{"a":0,"k":[100,100,100],"ix":6}},"ao":0,"shapes":[{"ty":"gr","it":[{"ind":0,"ty":"sh","ix":1,"ks":{"a":0,"k":{"i":[[5.536,71.024],[49.964,-4.378],[-0.134,-1.817]],"o":[[0,0],[0,0],[0,0]],"v":[[24.418,-34.385],[-24.818,29.226],[-23.843,34.377]],"c":true},"ix":2},"nm":"Path 1","mn":"ADBE Vector Shape - Group","hd":false},{"ty":"fl","c":{"a":0,"k":[0.969000004787,0.670999983245,0.011999999776,1],"ix":4},"o":{"a":0,"k":100,"ix":5},"r":1,"bm":0,"nm":"Fill 1","mn":"ADBE Vector Graphic - Fill","hd":false},{"ty":"tr","p":{"a":0,"k":[24.818,34.385],"ix":2},"a":{"a":0,"k":[0,0],"ix":1},"s":{"a":0,"k":[100,100],"ix":3},"r":{"a":0,"k":0,"ix":6},"o":{"a":0,"k":100,"ix":7},"sk":{"a":0,"k":0,"ix":4},"sa":{"a":0,"k":0,"ix":5},"nm":"Transform"}],"nm":"Group 1","np":2,"cix":2,"bm":0,"ix":1,"mn":"ADBE Vector Group","hd":false}],"ip":0,"op":101,"st":-20,"bm":0},{"ddd":0,"ind":13,"ty":4,"nm":"youer","parent":9,"sr":1,"ks":{"o":{"a":0,"k":100,"ix":11},"r":{"a":1,"k":[{"i":{"x":[0],"y":[1]},"o":{"x":[0.333],"y":[0]},"t":0,"s":[0]},{"i":{"x":[0.667],"y":[1]},"o":{"x":[1],"y":[0]},"t":10,"s":[20]},{"t":15,"s":[0]}],"ix":10},"p":{"a":0,"k":[213.617,10.347,0],"ix":2},"a":{"a":0,"k":[0.25,33.698,0],"ix":1},"s":{"a":0,"k":[100,100,100],"ix":6}},"ao":0,"shapes":[{"ty":"gr","it":[{"ind":0,"ty":"sh","ix":1,"ks":{"a":0,"k":{"i":[[0,0],[0,0],[58.581,2.22]],"o":[[0,0],[0,0],[-32.83,-1.243]],"v":[[-45.905,-7.199],[41.059,-34.531],[-12.676,32.311]],"c":true},"ix":2},"nm":"Path 1","mn":"ADBE Vector Shape - Group","hd":false},{"ty":"fl","c":{"a":0,"k":[1,0.728999956916,0.051000000449,1],"ix":4},"o":{"a":0,"k":100,"ix":5},"r":1,"bm":0,"nm":"Fill 1","mn":"ADBE Vector Graphic - Fill","hd":false},{"ty":"tr","p":{"a":0,"k":[46.155,34.782],"ix":2},"a":{"a":0,"k":[0,0],"ix":1},"s":{"a":0,"k":[100,100],"ix":3},"r":{"a":0,"k":0,"ix":6},"o":{"a":0,"k":100,"ix":7},"sk":{"a":0,"k":0,"ix":4},"sa":{"a":0,"k":0,"ix":5},"nm":"Transform"}],"nm":"Group 1","np":2,"cix":2,"bm":0,"ix":1,"mn":"ADBE Vector Group","hd":false}],"ip":0,"op":101,"st":-20,"bm":0},{"ddd":0,"ind":14,"ty":4,"nm":"zuojiao","parent":9,"sr":1,"ks":{"o":{"a":0,"k":100,"ix":11},"r":{"a":0,"k":0,"ix":10},"p":{"a":0,"k":[10.374,-49.456,0],"ix":2},"a":{"a":0,"k":[65.41,64.386,0],"ix":1},"s":{"a":0,"k":[100,100,100],"ix":6}},"ao":0,"shapes":[{"ty":"gr","it":[{"ind":0,"ty":"sh","ix":1,"ks":{"a":0,"k":{"i":[[-4.184,0.488],[0,0],[-0.855,-3.461],[-16.191,-12.891],[2.676,20.095],[-3.946,0.393],[-0.501,-3.769],[-3.294,-0.343],[0,0],[24.662,17.151],[9.007,12.092],[3.69,15.213]],"o":[[0,0],[3.535,-0.413],[2.344,9.481],[-6.489,-13.858],[-0.523,-3.936],[3.779,-0.378],[13.156,99.225],[0,0],[-0.972,-0.096],[-8.976,-6.239],[-36.79,-12.59],[-0.994,-4.101]],"v":[[-59.187,-52.009],[-59.165,-52.012],[-51.513,-46.664],[-26.556,-5.781],[-40.865,-56.428],[-34.582,-64.351],[-26.923,-58.248],[65.411,50.376],[64.011,64.387],[15.209,44.682],[-12.633,17.603],[-65.211,-43.382]],"c":true},"ix":2},"nm":"Path 1","mn":"ADBE Vector Shape - Group","hd":false},{"ty":"fl","c":{"a":0,"k":[0.447000002394,0.2,0.030999998953,1],"ix":4},"o":{"a":0,"k":100,"ix":5},"r":1,"bm":0,"nm":"Fill 1","mn":"ADBE Vector Graphic - Fill","hd":false},{"ty":"tr","p":{"a":0,"k":[65.411,64.387],"ix":2},"a":{"a":0,"k":[0,0],"ix":1},"s":{"a":0,"k":[100,100],"ix":3},"r":{"a":0,"k":0,"ix":6},"o":{"a":0,"k":100,"ix":7},"sk":{"a":0,"k":0,"ix":4},"sa":{"a":0,"k":0,"ix":5},"nm":"Transform"}],"nm":"Group 1","np":2,"cix":2,"bm":0,"ix":1,"mn":"ADBE Vector Group","hd":false}],"ip":0,"op":101,"st":-20,"bm":0},{"ddd":0,"ind":15,"ty":4,"nm":"youjiao","parent":9,"sr":1,"ks":{"o":{"a":0,"k":100,"ix":11},"r":{"a":0,"k":0,"ix":10},"p":{"a":0,"k":[246.72,-49.467,0],"ix":2},"a":{"a":0,"k":[66.6,64.732,0],"ix":1},"s":{"a":0,"k":[100,100,100],"ix":6}},"ao":0,"shapes":[{"ty":"gr","it":[{"ind":0,"ty":"sh","ix":1,"ks":{"a":0,"k":{"i":[[-3.772,-0.381],[0,0],[0.53,-3.93],[6.793,-14.093],[-2.369,9.799],[-3.516,-0.418],[0.997,-4.099],[37.841,-12.187],[8.871,-6.15],[0.976,-0.093],[0,0],[-13.442,99.644]],"o":[[0,0],[3.943,0.4],[-2.79,20.694],[17.552,-12.923],[0.833,-3.448],[4.183,0.498],[-3.75,15.387],[-8.935,11.838],[-24.691,17.107],[0,0],[0.805,-0.08],[0.507,-3.766]],"v":[[33.795,-64.101],[33.811,-64.098],[40.075,-56.168],[25.089,-4.3],[51.708,-46.427],[59.348,-51.718],[65.353,-43.083],[11.385,18.275],[-16.157,44.859],[-64.994,64.482],[-66.35,50.468],[26.137,-58.02]],"c":true},"ix":2},"nm":"Path 1","mn":"ADBE Vector Shape - Group","hd":false},{"ty":"fl","c":{"a":0,"k":[0.447000002394,0.2,0.030999998953,1],"ix":4},"o":{"a":0,"k":100,"ix":5},"r":1,"bm":0,"nm":"Fill 1","mn":"ADBE Vector Graphic - Fill","hd":false},{"ty":"tr","p":{"a":0,"k":[66.6,64.732],"ix":2},"a":{"a":0,"k":[0,0],"ix":1},"s":{"a":0,"k":[100,100],"ix":3},"r":{"a":0,"k":0,"ix":6},"o":{"a":0,"k":100,"ix":7},"sk":{"a":0,"k":0,"ix":4},"sa":{"a":0,"k":0,"ix":5},"nm":"Transform"}],"nm":"Group 1","np":2,"cix":2,"bm":0,"ix":1,"mn":"ADBE Vector Group","hd":false}],"ip":0,"op":101,"st":-20,"bm":0},{"ddd":0,"ind":16,"ty":4,"nm":"Shape Layer 69","sr":1,"ks":{"o":{"a":0,"k":100,"ix":11},"r":{"a":0,"k":0,"ix":10},"p":{"a":1,"k":[{"i":{"x":0.807,"y":0.898},"o":{"x":0.814,"y":0.181},"t":27,"s":[-113.222,751.98,0],"to":[155.71,5.897,0],"ti":[-0.29,-70.436,0]},{"i":{"x":0.226,"y":0.705},"o":{"x":0.344,"y":0.267},"t":44,"s":[116.778,1193.98,0],"to":[21.036,-63.531,0],"ti":[-38.144,-1.647,0]},{"i":{"x":0.851,"y":0.932},"o":{"x":0.81,"y":0.326},"t":51,"s":[191.218,1075.075,0],"to":[23.167,1,0],"ti":[-11.1,-55.851,0]},{"i":{"x":0.169,"y":0.64},"o":{"x":0.081,"y":0.105},"t":58,"s":[256.278,1193.98,0],"to":[5.6,-24.649,0],"ti":[-13.043,-1.056,0]},{"i":{"x":0.801,"y":0.73},"o":{"x":0.787,"y":0.366},"t":65,"s":[288.818,1160.18,0],"to":[15.081,1.221,0],"ti":[-5.278,-19.48,0]},{"i":{"x":0.667,"y":1},"o":{"x":0.163,"y":0.522},"t":72,"s":[317.778,1193.98,0],"to":[20.778,-0.02,0],"ti":[0,0,0]},{"t":91,"s":[372.778,1193.98,0]}],"ix":2},"a":{"a":0,"k":[0,0,0],"ix":1},"s":{"a":0,"k":[100,100,100],"ix":6}},"ao":0,"shapes":[],"ip":27,"op":101,"st":27,"bm":0},{"ddd":0,"ind":17,"ty":4,"nm":"Shape Layer 70","parent":16,"sr":1,"ks":{"o":{"a":0,"k":100,"ix":11},"r":{"a":0,"k":0,"ix":10},"p":{"a":0,"k":[-0.001,24.603,0],"ix":2},"a":{"a":0,"k":[0,0,0],"ix":1},"s":{"a":1,"k":[{"i":{"x":[0.833,0.833,0.833],"y":[0.833,0.833,0.833]},"o":{"x":[0.167,0.167,0.167],"y":[0.167,0.167,0.167]},"t":43,"s":[100,100,100]},{"i":{"x":[0.833,0.833,0.833],"y":[0.833,0.833,0.833]},"o":{"x":[0.167,0.167,0.167],"y":[0.167,0.167,0.167]},"t":44,"s":[110,90,100]},{"t":45,"s":[100,100,100]}],"ix":6}},"ao":0,"shapes":[],"ip":27,"op":101,"st":27,"bm":0},{"ddd":0,"ind":18,"ty":4,"nm":"Shape Layer 68","parent":17,"sr":1,"ks":{"o":{"a":0,"k":50,"ix":11},"r":{"a":0,"k":0,"ix":10},"p":{"a":0,"k":[-0.058,-24.603,0],"ix":2},"a":{"a":0,"k":[24.977,25.035,0],"ix":1},"s":{"a":0,"k":[100,100,100],"ix":6}},"ao":0,"shapes":[{"ty":"gr","it":[{"ind":0,"ty":"sh","ix":1,"ks":{"a":0,"k":{"i":[[-4.045,5.744],[5.345,-0.45],[1.141,13.539],[-3.211,4.56],[-0.691,-8.194],[-13.539,1.141]],"o":[[-3.784,3.243],[-13.54,1.142],[-0.505,-5.992],[-5.8,4.973],[1.141,13.539],[7.549,-0.636]],"v":[[22.362,11.195],[8.435,17.021],[-18.147,-5.427],[-13.752,-21.647],[-22.274,-0.891],[4.307,21.558]],"c":true},"ix":2},"nm":"Path 1","mn":"ADBE Vector Shape - Group","hd":false},{"ty":"fl","c":{"a":0,"k":[0.764999988032,0.773000021542,0.698000021542,1],"ix":4},"o":{"a":0,"k":100,"ix":5},"r":1,"bm":0,"nm":"Fill 1","mn":"ADBE Vector Graphic - Fill","hd":false},{"ty":"tr","p":{"a":0,"k":[22.793,27.992],"ix":2},"a":{"a":0,"k":[0,0],"ix":1},"s":{"a":0,"k":[100,100],"ix":3},"r":{"a":0,"k":0,"ix":6},"o":{"a":0,"k":100,"ix":7},"sk":{"a":0,"k":0,"ix":4},"sa":{"a":0,"k":0,"ix":5},"nm":"Transform"}],"nm":"Group 1","np":2,"cix":2,"bm":0,"ix":1,"mn":"ADBE Vector Group","hd":false}],"ip":27,"op":101,"st":27,"bm":0},{"ddd":0,"ind":19,"ty":4,"nm":"Shape Layer 67","parent":17,"sr":1,"ks":{"o":{"a":0,"k":100,"ix":11},"r":{"a":1,"k":[{"i":{"x":[0.707],"y":[0.867]},"o":{"x":[0.999],"y":[0]},"t":27,"s":[0]},{"i":{"x":[0],"y":[0.62]},"o":{"x":[0.333],"y":[0.27]},"t":44,"s":[73]},{"i":{"x":[0.636],"y":[0.931]},"o":{"x":[1],"y":[0.194]},"t":51,"s":[90]},{"i":{"x":[0.118],"y":[0.894]},"o":{"x":[0.333],"y":[0.04]},"t":58,"s":[124.291]},{"i":{"x":[0.781],"y":[0.744]},"o":{"x":[1],"y":[0.112]},"t":65,"s":[176.787]},{"i":{"x":[0.633],"y":[1]},"o":{"x":[0.155],"y":[0.321]},"t":72,"s":[233.098]},{"t":91,"s":[360]}],"ix":10},"p":{"a":0,"k":[-0.058,-24.603,0],"ix":2},"a":{"a":0,"k":[24.977,25.035,0],"ix":1},"s":{"a":1,"k":[{"i":{"x":[0.833,0.833,0.833],"y":[0.833,0.833,0.833]},"o":{"x":[0.167,0.167,0.167],"y":[0.167,0.167,0.167]},"t":27,"s":[100,100,100]},{"i":{"x":[0.833,0.833,0.833],"y":[0.833,0.833,0.833]},"o":{"x":[0.167,0.167,0.167],"y":[0.167,0.167,0.167]},"t":43,"s":[105,95,100]},{"i":{"x":[0.833,0.833,0.833],"y":[0.833,0.833,0.833]},"o":{"x":[0.167,0.167,0.167],"y":[0.167,0.167,0.167]},"t":44,"s":[100,100,100]},{"i":{"x":[0.833,0.833,0.833],"y":[0.833,0.833,0.833]},"o":{"x":[0.167,0.167,0.167],"y":[0.167,0.167,0.167]},"t":47,"s":[90,110,100]},{"t":51,"s":[100,100,100]}],"ix":6}},"ao":0,"shapes":[{"ty":"gr","it":[{"ind":0,"ty":"sh","ix":1,"ks":{"a":0,"k":{"i":[[-2.705,1.347],[0,0],[0,0],[-3.193,0.269]],"o":[[0,0],[0,0],[2.891,0.875],[3.194,-0.269]],"v":[[9.04,0.36],[-0.357,-3.119],[-9.04,1.883],[0.145,2.85]],"c":true},"ix":2},"nm":"Path 1","mn":"ADBE Vector Shape - Group","hd":false},{"ty":"fl","c":{"a":0,"k":[0.169000004787,0.234999997008,0.211999990426,1],"ix":4},"o":{"a":0,"k":100,"ix":5},"r":1,"bm":0,"nm":"Fill 1","mn":"ADBE Vector Graphic - Fill","hd":false},{"ty":"tr","p":{"a":0,"k":[26.956,46.7],"ix":2},"a":{"a":0,"k":[0,0],"ix":1},"s":{"a":0,"k":[100,100],"ix":3},"r":{"a":0,"k":0,"ix":6},"o":{"a":0,"k":100,"ix":7},"sk":{"a":0,"k":0,"ix":4},"sa":{"a":0,"k":0,"ix":5},"nm":"Transform"}],"nm":"Group 2","np":2,"cix":2,"bm":0,"ix":1,"mn":"ADBE Vector Group","hd":false},{"ty":"gr","it":[{"ind":0,"ty":"sh","ix":1,"ks":{"a":0,"k":{"i":[[1.997,1.722],[1.654,-0.823],[0,0],[0,0]],"o":[[-1.85,0.439],[0,0],[0,0],[-2.477,-0.892]],"v":[[-0.759,-2.693],[-6.027,-0.786],[3.37,2.693],[6.027,1.161]],"c":true},"ix":2},"nm":"Path 1","mn":"ADBE Vector Shape - Group","hd":false},{"ty":"fl","c":{"a":0,"k":[0.169000004787,0.234999997008,0.211999990426,1],"ix":4},"o":{"a":0,"k":100,"ix":5},"r":1,"bm":0,"nm":"Fill 1","mn":"ADBE Vector Graphic - Fill","hd":false},{"ty":"tr","p":{"a":0,"k":[20.102,3.795],"ix":2},"a":{"a":0,"k":[0,0],"ix":1},"s":{"a":0,"k":[100,100],"ix":3},"r":{"a":0,"k":0,"ix":6},"o":{"a":0,"k":100,"ix":7},"sk":{"a":0,"k":0,"ix":4},"sa":{"a":0,"k":0,"ix":5},"nm":"Transform"}],"nm":"Group 3","np":2,"cix":2,"bm":0,"ix":2,"mn":"ADBE Vector Group","hd":false},{"ty":"gr","it":[{"ind":0,"ty":"sh","ix":1,"ks":{"a":0,"k":{"i":[[0,0],[3.194,-0.269],[1.176,-0.279],[-2.477,-0.893]],"o":[[-2.892,-0.875],[-1.241,0.105],[1.998,1.722],[0,0]],"v":[[6.406,-1.119],[-2.779,-2.085],[-6.406,-1.503],[0.381,2.354]],"c":true},"ix":2},"nm":"Path 1","mn":"ADBE Vector Shape - Group","hd":false},{"ty":"fl","c":{"a":0,"k":[0.169000004787,0.234999997008,0.211999990426,1],"ix":4},"o":{"a":0,"k":100,"ix":5},"r":1,"bm":0,"nm":"Fill 1","mn":"ADBE Vector Graphic - Fill","hd":false},{"ty":"tr","p":{"a":0,"k":[25.748,2.604],"ix":2},"a":{"a":0,"k":[0,0],"ix":1},"s":{"a":0,"k":[100,100],"ix":3},"r":{"a":0,"k":0,"ix":6},"o":{"a":0,"k":100,"ix":7},"sk":{"a":0,"k":0,"ix":4},"sa":{"a":0,"k":0,"ix":5},"nm":"Transform"}],"nm":"Group 4","np":2,"cix":2,"bm":0,"ix":3,"mn":"ADBE Vector Group","hd":false},{"ty":"gr","it":[{"ind":0,"ty":"sh","ix":1,"ks":{"a":0,"k":{"i":[[-0.176,1.329],[1.008,0.194],[0,0]],"o":[[-1.036,0.163],[0,0],[0.381,-1.261]],"v":[[1.548,-1.93],[-1.548,-1.961],[0.713,1.961]],"c":true},"ix":2},"nm":"Path 1","mn":"ADBE Vector Shape - Group","hd":false},{"ty":"fl","c":{"a":0,"k":[0.169000004787,0.234999997008,0.211999990426,1],"ix":4},"o":{"a":0,"k":100,"ix":5},"r":1,"bm":0,"nm":"Fill 1","mn":"ADBE Vector Graphic - Fill","hd":false},{"ty":"tr","p":{"a":0,"k":[47.872,30.193],"ix":2},"a":{"a":0,"k":[0,0],"ix":1},"s":{"a":0,"k":[100,100],"ix":3},"r":{"a":0,"k":0,"ix":6},"o":{"a":0,"k":100,"ix":7},"sk":{"a":0,"k":0,"ix":4},"sa":{"a":0,"k":0,"ix":5},"nm":"Transform"}],"nm":"Group 5","np":2,"cix":2,"bm":0,"ix":4,"mn":"ADBE Vector Group","hd":false},{"ty":"gr","it":[{"ind":0,"ty":"sh","ix":1,"ks":{"a":0,"k":{"i":[[-1.036,0.163],[0.153,1.803],[1.347,2.704],[0,0],[0,0]],"o":[[0.229,-1.722],[-0.269,-3.193],[0,0],[0,0],[1.008,0.194]],"v":[[2.777,7.013],[2.907,1.717],[0.419,-7.176],[-3.061,2.221],[-0.318,6.982]],"c":true},"ix":2},"nm":"Path 1","mn":"ADBE Vector Shape - Group","hd":false},{"ty":"fl","c":{"a":0,"k":[0.169000004787,0.234999997008,0.211999990426,1],"ix":4},"o":{"a":0,"k":100,"ix":5},"r":1,"bm":0,"nm":"Fill 1","mn":"ADBE Vector Graphic - Fill","hd":false},{"ty":"tr","p":{"a":0,"k":[46.643,21.25],"ix":2},"a":{"a":0,"k":[0,0],"ix":1},"s":{"a":0,"k":[100,100],"ix":3},"r":{"a":0,"k":0,"ix":6},"o":{"a":0,"k":100,"ix":7},"sk":{"a":0,"k":0,"ix":4},"sa":{"a":0,"k":0,"ix":5},"nm":"Transform"}],"nm":"Group 6","np":2,"cix":2,"bm":0,"ix":5,"mn":"ADBE Vector Group","hd":false},{"ty":"gr","it":[{"ind":0,"ty":"sh","ix":1,"ks":{"a":0,"k":{"i":[[0,0],[-0.27,-3.195],[-1.347,-2.704],[0,0]],"o":[[-0.875,2.892],[0.268,3.193],[0,0],[0,0]],"v":[[-1.883,-9.04],[-2.849,0.146],[-0.36,9.04],[3.119,-0.357]],"c":true},"ix":2},"nm":"Path 1","mn":"ADBE Vector Shape - Group","hd":false},{"ty":"fl","c":{"a":0,"k":[0.169000004787,0.234999997008,0.211999990426,1],"ix":4},"o":{"a":0,"k":100,"ix":5},"r":1,"bm":0,"nm":"Fill 1","mn":"ADBE Vector Graphic - Fill","hd":false},{"ty":"tr","p":{"a":0,"k":[3.369,26.955],"ix":2},"a":{"a":0,"k":[0,0],"ix":1},"s":{"a":0,"k":[100,100],"ix":3},"r":{"a":0,"k":0,"ix":6},"o":{"a":0,"k":100,"ix":7},"sk":{"a":0,"k":0,"ix":4},"sa":{"a":0,"k":0,"ix":5},"nm":"Transform"}],"nm":"Group 7","np":2,"cix":2,"bm":0,"ix":6,"mn":"ADBE Vector Group","hd":false},{"ty":"gr","it":[{"ind":0,"ty":"sh","ix":1,"ks":{"a":0,"k":{"i":[[0,0],[0,0],[0,0],[0,0],[0,0]],"o":[[0,0],[0,0],[0,0],[0,0],[0,0]],"v":[[-4.79,-7.844],[-6.985,-6.92],[-5.973,5.094],[5.766,7.844],[6.985,5.828]],"c":false},"ix":2},"nm":"Path 1","mn":"ADBE Vector Shape - Group","hd":false},{"ty":"fl","c":{"a":0,"k":[0.169000004787,0.234999997008,0.211999990426,1],"ix":4},"o":{"a":0,"k":100,"ix":5},"r":1,"bm":0,"nm":"Fill 1","mn":"ADBE Vector Graphic - Fill","hd":false},{"ty":"tr","p":{"a":0,"k":[22.271,26.726],"ix":2},"a":{"a":0,"k":[0,0],"ix":1},"s":{"a":0,"k":[100,100],"ix":3},"r":{"a":0,"k":0,"ix":6},"o":{"a":0,"k":100,"ix":7},"sk":{"a":0,"k":0,"ix":4},"sa":{"a":0,"k":0,"ix":5},"nm":"Transform"}],"nm":"Group 8","np":2,"cix":2,"bm":0,"ix":7,"mn":"ADBE Vector Group","hd":false},{"ty":"gr","it":[{"ind":0,"ty":"sh","ix":1,"ks":{"a":0,"k":{"i":[[-6.536,-2.159],[0,0],[0,0],[0,0]],"o":[[0,0],[0,0],[0,0],[1.519,6.261]],"v":[[3.377,8.712],[8.399,0.413],[0.519,-8.712],[-8.399,-4.96]],"c":true},"ix":2},"nm":"Path 1","mn":"ADBE Vector Shape - Group","hd":false},{"ty":"fl","c":{"a":0,"k":[0.169000004787,0.234999997008,0.211999990426,1],"ix":4},"o":{"a":0,"k":100,"ix":5},"r":1,"bm":0,"nm":"Fill 1","mn":"ADBE Vector Graphic - Fill","hd":false},{"ty":"tr","p":{"a":0,"k":[25.879,23.842],"ix":2},"a":{"a":0,"k":[0,0],"ix":1},"s":{"a":0,"k":[100,100],"ix":3},"r":{"a":0,"k":0,"ix":6},"o":{"a":0,"k":100,"ix":7},"sk":{"a":0,"k":0,"ix":4},"sa":{"a":0,"k":0,"ix":5},"nm":"Transform"}],"nm":"Group 9","np":2,"cix":2,"bm":0,"ix":8,"mn":"ADBE Vector Group","hd":false},{"ty":"gr","it":[{"ind":0,"ty":"sh","ix":1,"ks":{"a":0,"k":{"i":[[0,0],[-1.96,6.476],[0,0],[0,0],[6.477,1.96],[0,0],[0,0],[1.96,-6.476],[0,0],[0,0],[-6.476,-1.959],[0,0]],"o":[[6.056,-3.016],[0,0],[0,0],[-3.016,-6.056],[0,0],[0,0],[-6.056,3.016],[0,0],[0,0],[3.016,6.056],[0,0],[0,0]],"v":[[10.961,22.026],[23.549,7.12],[18.547,-1.564],[22.026,-10.96],[7.118,-23.549],[-1.564,-18.547],[-10.961,-22.025],[-23.549,-7.118],[-18.547,1.563],[-22.026,10.961],[-7.118,23.549],[1.564,18.547]],"c":true},"ix":2},"nm":"Path 2","mn":"ADBE Vector Shape - Group","hd":false},{"ty":"fl","c":{"a":0,"k":[1,1,1,1],"ix":4},"o":{"a":0,"k":100,"ix":5},"r":1,"bm":0,"nm":"Fill 1","mn":"ADBE Vector Graphic - Fill","hd":false},{"ty":"tr","p":{"a":0,"k":[25.035,25.034],"ix":2},"a":{"a":0,"k":[0,0],"ix":1},"s":{"a":0,"k":[100,100],"ix":3},"r":{"a":0,"k":0,"ix":6},"o":{"a":0,"k":100,"ix":7},"sk":{"a":0,"k":0,"ix":4},"sa":{"a":0,"k":0,"ix":5},"nm":"Transform"}],"nm":"Group 10","np":2,"cix":2,"bm":0,"ix":9,"mn":"ADBE Vector Group","hd":false}],"ip":27,"op":101,"st":27,"bm":0},{"ddd":0,"ind":20,"ty":4,"nm":"Shape Layer 64","sr":1,"ks":{"o":{"a":0,"k":100,"ix":11},"r":{"a":0,"k":0,"ix":10},"p":{"a":1,"k":[{"i":{"x":0,"y":1},"o":{"x":0.333,"y":0},"t":13,"s":[372.778,1193.98,0],"to":[-97.917,-68.75,0],"ti":[213.917,-36.25,0]},{"t":38,"s":[-142.722,1092.48,0]}],"ix":2},"a":{"a":0,"k":[0,0,0],"ix":1},"s":{"a":0,"k":[100,100,100],"ix":6}},"ao":0,"shapes":[],"ip":0,"op":101,"st":0,"bm":0},{"ddd":0,"ind":21,"ty":4,"nm":"Shape Layer 65","parent":20,"sr":1,"ks":{"o":{"a":0,"k":50,"ix":11},"r":{"a":0,"k":0,"ix":10},"p":{"a":0,"k":[-0.058,0,0],"ix":2},"a":{"a":0,"k":[24.977,25.035,0],"ix":1},"s":{"a":0,"k":[100,100,100],"ix":6}},"ao":0,"shapes":[{"ty":"gr","it":[{"ind":0,"ty":"sh","ix":1,"ks":{"a":0,"k":{"i":[[-4.045,5.744],[5.345,-0.45],[1.141,13.539],[-3.211,4.56],[-0.691,-8.194],[-13.539,1.141]],"o":[[-3.784,3.243],[-13.54,1.142],[-0.505,-5.992],[-5.8,4.973],[1.141,13.539],[7.549,-0.636]],"v":[[22.362,11.195],[8.435,17.021],[-18.147,-5.427],[-13.752,-21.647],[-22.274,-0.891],[4.307,21.558]],"c":true},"ix":2},"nm":"Path 1","mn":"ADBE Vector Shape - Group","hd":false},{"ty":"fl","c":{"a":0,"k":[0.764999988032,0.773000021542,0.698000021542,1],"ix":4},"o":{"a":0,"k":100,"ix":5},"r":1,"bm":0,"nm":"Fill 1","mn":"ADBE Vector Graphic - Fill","hd":false},{"ty":"tr","p":{"a":0,"k":[22.793,27.992],"ix":2},"a":{"a":0,"k":[0,0],"ix":1},"s":{"a":0,"k":[100,100],"ix":3},"r":{"a":0,"k":0,"ix":6},"o":{"a":0,"k":100,"ix":7},"sk":{"a":0,"k":0,"ix":4},"sa":{"a":0,"k":0,"ix":5},"nm":"Transform"}],"nm":"Group 1","np":2,"cix":2,"bm":0,"ix":1,"mn":"ADBE Vector Group","hd":false}],"ip":0,"op":101,"st":0,"bm":0},{"ddd":0,"ind":22,"ty":4,"nm":"Shape Layer 66","parent":20,"sr":1,"ks":{"o":{"a":0,"k":100,"ix":11},"r":{"a":1,"k":[{"i":{"x":[0],"y":[1]},"o":{"x":[0.333],"y":[0]},"t":13,"s":[0]},{"t":38,"s":[-360]}],"ix":10},"p":{"a":0,"k":[-0.058,0,0],"ix":2},"a":{"a":0,"k":[24.977,25.035,0],"ix":1},"s":{"a":0,"k":[100,100,100],"ix":6}},"ao":0,"shapes":[{"ty":"gr","it":[{"ind":0,"ty":"sh","ix":1,"ks":{"a":0,"k":{"i":[[-2.705,1.347],[0,0],[0,0],[-3.193,0.269]],"o":[[0,0],[0,0],[2.891,0.875],[3.194,-0.269]],"v":[[9.04,0.36],[-0.357,-3.119],[-9.04,1.883],[0.145,2.85]],"c":true},"ix":2},"nm":"Path 1","mn":"ADBE Vector Shape - Group","hd":false},{"ty":"fl","c":{"a":0,"k":[0.169000004787,0.234999997008,0.211999990426,1],"ix":4},"o":{"a":0,"k":100,"ix":5},"r":1,"bm":0,"nm":"Fill 1","mn":"ADBE Vector Graphic - Fill","hd":false},{"ty":"tr","p":{"a":0,"k":[26.956,46.7],"ix":2},"a":{"a":0,"k":[0,0],"ix":1},"s":{"a":0,"k":[100,100],"ix":3},"r":{"a":0,"k":0,"ix":6},"o":{"a":0,"k":100,"ix":7},"sk":{"a":0,"k":0,"ix":4},"sa":{"a":0,"k":0,"ix":5},"nm":"Transform"}],"nm":"Group 2","np":2,"cix":2,"bm":0,"ix":1,"mn":"ADBE Vector Group","hd":false},{"ty":"gr","it":[{"ind":0,"ty":"sh","ix":1,"ks":{"a":0,"k":{"i":[[1.997,1.722],[1.654,-0.823],[0,0],[0,0]],"o":[[-1.85,0.439],[0,0],[0,0],[-2.477,-0.892]],"v":[[-0.759,-2.693],[-6.027,-0.786],[3.37,2.693],[6.027,1.161]],"c":true},"ix":2},"nm":"Path 1","mn":"ADBE Vector Shape - Group","hd":false},{"ty":"fl","c":{"a":0,"k":[0.169000004787,0.234999997008,0.211999990426,1],"ix":4},"o":{"a":0,"k":100,"ix":5},"r":1,"bm":0,"nm":"Fill 1","mn":"ADBE Vector Graphic - Fill","hd":false},{"ty":"tr","p":{"a":0,"k":[20.102,3.795],"ix":2},"a":{"a":0,"k":[0,0],"ix":1},"s":{"a":0,"k":[100,100],"ix":3},"r":{"a":0,"k":0,"ix":6},"o":{"a":0,"k":100,"ix":7},"sk":{"a":0,"k":0,"ix":4},"sa":{"a":0,"k":0,"ix":5},"nm":"Transform"}],"nm":"Group 3","np":2,"cix":2,"bm":0,"ix":2,"mn":"ADBE Vector Group","hd":false},{"ty":"gr","it":[{"ind":0,"ty":"sh","ix":1,"ks":{"a":0,"k":{"i":[[0,0],[3.194,-0.269],[1.176,-0.279],[-2.477,-0.893]],"o":[[-2.892,-0.875],[-1.241,0.105],[1.998,1.722],[0,0]],"v":[[6.406,-1.119],[-2.779,-2.085],[-6.406,-1.503],[0.381,2.354]],"c":true},"ix":2},"nm":"Path 1","mn":"ADBE Vector Shape - Group","hd":false},{"ty":"fl","c":{"a":0,"k":[0.169000004787,0.234999997008,0.211999990426,1],"ix":4},"o":{"a":0,"k":100,"ix":5},"r":1,"bm":0,"nm":"Fill 1","mn":"ADBE Vector Graphic - Fill","hd":false},{"ty":"tr","p":{"a":0,"k":[25.748,2.604],"ix":2},"a":{"a":0,"k":[0,0],"ix":1},"s":{"a":0,"k":[100,100],"ix":3},"r":{"a":0,"k":0,"ix":6},"o":{"a":0,"k":100,"ix":7},"sk":{"a":0,"k":0,"ix":4},"sa":{"a":0,"k":0,"ix":5},"nm":"Transform"}],"nm":"Group 4","np":2,"cix":2,"bm":0,"ix":3,"mn":"ADBE Vector Group","hd":false},{"ty":"gr","it":[{"ind":0,"ty":"sh","ix":1,"ks":{"a":0,"k":{"i":[[-0.176,1.329],[1.008,0.194],[0,0]],"o":[[-1.036,0.163],[0,0],[0.381,-1.261]],"v":[[1.548,-1.93],[-1.548,-1.961],[0.713,1.961]],"c":true},"ix":2},"nm":"Path 1","mn":"ADBE Vector Shape - Group","hd":false},{"ty":"fl","c":{"a":0,"k":[0.169000004787,0.234999997008,0.211999990426,1],"ix":4},"o":{"a":0,"k":100,"ix":5},"r":1,"bm":0,"nm":"Fill 1","mn":"ADBE Vector Graphic - Fill","hd":false},{"ty":"tr","p":{"a":0,"k":[47.872,30.193],"ix":2},"a":{"a":0,"k":[0,0],"ix":1},"s":{"a":0,"k":[100,100],"ix":3},"r":{"a":0,"k":0,"ix":6},"o":{"a":0,"k":100,"ix":7},"sk":{"a":0,"k":0,"ix":4},"sa":{"a":0,"k":0,"ix":5},"nm":"Transform"}],"nm":"Group 5","np":2,"cix":2,"bm":0,"ix":4,"mn":"ADBE Vector Group","hd":false},{"ty":"gr","it":[{"ind":0,"ty":"sh","ix":1,"ks":{"a":0,"k":{"i":[[-1.036,0.163],[0.153,1.803],[1.347,2.704],[0,0],[0,0]],"o":[[0.229,-1.722],[-0.269,-3.193],[0,0],[0,0],[1.008,0.194]],"v":[[2.777,7.013],[2.907,1.717],[0.419,-7.176],[-3.061,2.221],[-0.318,6.982]],"c":true},"ix":2},"nm":"Path 1","mn":"ADBE Vector Shape - Group","hd":false},{"ty":"fl","c":{"a":0,"k":[0.169000004787,0.234999997008,0.211999990426,1],"ix":4},"o":{"a":0,"k":100,"ix":5},"r":1,"bm":0,"nm":"Fill 1","mn":"ADBE Vector Graphic - Fill","hd":false},{"ty":"tr","p":{"a":0,"k":[46.643,21.25],"ix":2},"a":{"a":0,"k":[0,0],"ix":1},"s":{"a":0,"k":[100,100],"ix":3},"r":{"a":0,"k":0,"ix":6},"o":{"a":0,"k":100,"ix":7},"sk":{"a":0,"k":0,"ix":4},"sa":{"a":0,"k":0,"ix":5},"nm":"Transform"}],"nm":"Group 6","np":2,"cix":2,"bm":0,"ix":5,"mn":"ADBE Vector Group","hd":false},{"ty":"gr","it":[{"ind":0,"ty":"sh","ix":1,"ks":{"a":0,"k":{"i":[[0,0],[-0.27,-3.195],[-1.347,-2.704],[0,0]],"o":[[-0.875,2.892],[0.268,3.193],[0,0],[0,0]],"v":[[-1.883,-9.04],[-2.849,0.146],[-0.36,9.04],[3.119,-0.357]],"c":true},"ix":2},"nm":"Path 1","mn":"ADBE Vector Shape - Group","hd":false},{"ty":"fl","c":{"a":0,"k":[0.169000004787,0.234999997008,0.211999990426,1],"ix":4},"o":{"a":0,"k":100,"ix":5},"r":1,"bm":0,"nm":"Fill 1","mn":"ADBE Vector Graphic - Fill","hd":false},{"ty":"tr","p":{"a":0,"k":[3.369,26.955],"ix":2},"a":{"a":0,"k":[0,0],"ix":1},"s":{"a":0,"k":[100,100],"ix":3},"r":{"a":0,"k":0,"ix":6},"o":{"a":0,"k":100,"ix":7},"sk":{"a":0,"k":0,"ix":4},"sa":{"a":0,"k":0,"ix":5},"nm":"Transform"}],"nm":"Group 7","np":2,"cix":2,"bm":0,"ix":6,"mn":"ADBE Vector Group","hd":false},{"ty":"gr","it":[{"ind":0,"ty":"sh","ix":1,"ks":{"a":0,"k":{"i":[[0,0],[0,0],[0,0],[0,0],[0,0]],"o":[[0,0],[0,0],[0,0],[0,0],[0,0]],"v":[[-4.79,-7.844],[-6.985,-6.92],[-5.973,5.094],[5.766,7.844],[6.985,5.828]],"c":false},"ix":2},"nm":"Path 1","mn":"ADBE Vector Shape - Group","hd":false},{"ty":"fl","c":{"a":0,"k":[0.169000004787,0.234999997008,0.211999990426,1],"ix":4},"o":{"a":0,"k":100,"ix":5},"r":1,"bm":0,"nm":"Fill 1","mn":"ADBE Vector Graphic - Fill","hd":false},{"ty":"tr","p":{"a":0,"k":[22.271,26.726],"ix":2},"a":{"a":0,"k":[0,0],"ix":1},"s":{"a":0,"k":[100,100],"ix":3},"r":{"a":0,"k":0,"ix":6},"o":{"a":0,"k":100,"ix":7},"sk":{"a":0,"k":0,"ix":4},"sa":{"a":0,"k":0,"ix":5},"nm":"Transform"}],"nm":"Group 8","np":2,"cix":2,"bm":0,"ix":7,"mn":"ADBE Vector Group","hd":false},{"ty":"gr","it":[{"ind":0,"ty":"sh","ix":1,"ks":{"a":0,"k":{"i":[[-6.536,-2.159],[0,0],[0,0],[0,0]],"o":[[0,0],[0,0],[0,0],[1.519,6.261]],"v":[[3.377,8.712],[8.399,0.413],[0.519,-8.712],[-8.399,-4.96]],"c":true},"ix":2},"nm":"Path 1","mn":"ADBE Vector Shape - Group","hd":false},{"ty":"fl","c":{"a":0,"k":[0.169000004787,0.234999997008,0.211999990426,1],"ix":4},"o":{"a":0,"k":100,"ix":5},"r":1,"bm":0,"nm":"Fill 1","mn":"ADBE Vector Graphic - Fill","hd":false},{"ty":"tr","p":{"a":0,"k":[25.879,23.842],"ix":2},"a":{"a":0,"k":[0,0],"ix":1},"s":{"a":0,"k":[100,100],"ix":3},"r":{"a":0,"k":0,"ix":6},"o":{"a":0,"k":100,"ix":7},"sk":{"a":0,"k":0,"ix":4},"sa":{"a":0,"k":0,"ix":5},"nm":"Transform"}],"nm":"Group 9","np":2,"cix":2,"bm":0,"ix":8,"mn":"ADBE Vector Group","hd":false},{"ty":"gr","it":[{"ind":0,"ty":"sh","ix":1,"ks":{"a":0,"k":{"i":[[0,0],[-1.96,6.476],[0,0],[0,0],[6.477,1.96],[0,0],[0,0],[1.96,-6.476],[0,0],[0,0],[-6.476,-1.959],[0,0]],"o":[[6.056,-3.016],[0,0],[0,0],[-3.016,-6.056],[0,0],[0,0],[-6.056,3.016],[0,0],[0,0],[3.016,6.056],[0,0],[0,0]],"v":[[10.961,22.026],[23.549,7.12],[18.547,-1.564],[22.026,-10.96],[7.118,-23.549],[-1.564,-18.547],[-10.961,-22.025],[-23.549,-7.118],[-18.547,1.563],[-22.026,10.961],[-7.118,23.549],[1.564,18.547]],"c":true},"ix":2},"nm":"Path 2","mn":"ADBE Vector Shape - Group","hd":false},{"ty":"fl","c":{"a":0,"k":[1,1,1,1],"ix":4},"o":{"a":0,"k":100,"ix":5},"r":1,"bm":0,"nm":"Fill 1","mn":"ADBE Vector Graphic - Fill","hd":false},{"ty":"tr","p":{"a":0,"k":[25.035,25.034],"ix":2},"a":{"a":0,"k":[0,0],"ix":1},"s":{"a":0,"k":[100,100],"ix":3},"r":{"a":0,"k":0,"ix":6},"o":{"a":0,"k":100,"ix":7},"sk":{"a":0,"k":0,"ix":4},"sa":{"a":0,"k":0,"ix":5},"nm":"Transform"}],"nm":"Group 10","np":2,"cix":2,"bm":0,"ix":9,"mn":"ADBE Vector Group","hd":false}],"ip":0,"op":101,"st":0,"bm":0},{"ddd":0,"ind":23,"ty":4,"nm":"Shape Layer 60","sr":1,"ks":{"o":{"a":0,"k":100,"ix":11},"r":{"a":0,"k":0,"ix":10},"p":{"a":0,"k":[387.957,1218.693,0],"ix":2},"a":{"a":0,"k":[0,0,0],"ix":1},"s":{"a":0,"k":[48,48,100],"ix":6}},"ao":0,"shapes":[],"ip":0,"op":101,"st":-20,"bm":0},{"ddd":0,"ind":25,"ty":4,"nm":"Shape Layer 63","parent":26,"sr":1,"ks":{"o":{"a":0,"k":100,"ix":11},"r":{"a":0,"k":0,"ix":10},"p":{"a":0,"k":[82.603,60.041,0],"ix":2},"a":{"a":0,"k":[7.919,7.918,0],"ix":1},"s":{"a":0,"k":[100,100,100],"ix":6}},"ao":0,"shapes":[{"ty":"gr","it":[{"ind":0,"ty":"sh","ix":1,"ks":{"a":0,"k":{"i":[[0.413,0.013],[0.013,-0.413],[0,0],[0.413,0.013],[0,0],[0,0],[0.361,0.012],[0,0],[0,0],[0.012,-0.361],[0,0],[0,0],[0,0],[-0.014,0.413],[0,0],[0.412,0.014],[0.013,-0.413],[0,0],[0,0],[-0.028,0.896],[-0.243,-0.007],[0.008,-0.244],[0.195,-0.351],[0,0],[0,0],[0,0],[0,0],[0,0],[0,0],[-0.013,0.401],[-0.243,-0.007],[0.007,-0.244],[-0.895,-0.029],[0,0],[0,0]],"o":[[-0.413,-0.014],[0,0],[-0.014,0.413],[0,0],[0,0],[0.011,-0.36],[0,0],[0,0],[-0.361,-0.012],[0,0],[0,0],[0,0],[-0.413,-0.014],[0,0],[0.014,-0.412],[-0.413,-0.012],[0,0],[0,0],[0.895,0.028],[0.008,-0.244],[0.245,0.008],[-0.013,0.402],[0,0],[0,0],[0,0],[0,0],[0,0],[0,0],[-0.171,-0.362],[0.008,-0.244],[0.245,0.008],[-0.029,0.896],[0,0],[0,0],[0.013,-0.413]],"v":[[2.821,-3.737],[2.05,-3.014],[2.044,-2.825],[1.272,-2.102],[0.715,-2.12],[0.754,-3.318],[0.122,-3.993],[-0.531,-4.014],[-0.544,-4.015],[-1.218,-3.383],[-0.552,-3.362],[-0.59,-2.163],[-1.148,-2.18],[-1.87,-2.952],[-1.865,-3.141],[-2.587,-3.913],[-3.359,-3.189],[-3.558,2.989],[-3.453,2.993],[-1.781,1.424],[-1.325,0.996],[-0.897,1.452],[-1.214,2.596],[-1.61,3.305],[-0.831,3.33],[-0.137,4.027],[0.6,3.376],[1.379,3.402],[1.029,2.669],[0.787,1.507],[1.243,1.079],[1.671,1.535],[3.239,3.209],[3.345,3.212],[3.545,-2.965]],"c":true},"ix":2},"nm":"Path 1","mn":"ADBE Vector Shape - Group","hd":false},{"ty":"fl","c":{"a":0,"k":[1,1,1,1],"ix":4},"o":{"a":0,"k":100,"ix":5},"r":1,"bm":0,"nm":"Fill 1","mn":"ADBE Vector Graphic - Fill","hd":false},{"ty":"tr","p":{"a":0,"k":[7.926,7.902],"ix":2},"a":{"a":0,"k":[0,0],"ix":1},"s":{"a":0,"k":[100,100],"ix":3},"r":{"a":0,"k":0,"ix":6},"o":{"a":0,"k":100,"ix":7},"sk":{"a":0,"k":0,"ix":4},"sa":{"a":0,"k":0,"ix":5},"nm":"Transform"}],"nm":"Group 1","np":2,"cix":2,"bm":0,"ix":1,"mn":"ADBE Vector Group","hd":false},{"ty":"gr","it":[{"ind":0,"ty":"sh","ix":1,"ks":{"a":0,"k":{"i":[[3.412,0.11],[-0.11,3.412],[-3.411,-0.11],[0.111,-3.411]],"o":[[-3.411,-0.11],[0.111,-3.411],[3.413,0.11],[-0.11,3.412]],"v":[[-0.201,6.188],[-6.188,-0.201],[0.199,-6.188],[6.187,0.201]],"c":true},"ix":2},"nm":"Path 1","mn":"ADBE Vector Shape - Group","hd":false},{"ind":1,"ty":"sh","ix":2,"ks":{"a":0,"k":{"i":[[4.155,0.134],[0.134,-4.155],[-4.154,-0.135],[-0.134,4.154]],"o":[[-4.153,-0.134],[-0.135,4.155],[4.154,0.133],[0.135,-4.156]],"v":[[0.243,-7.535],[-7.534,-0.244],[-0.244,7.536],[7.534,0.245]],"c":true},"ix":2},"nm":"Path 2","mn":"ADBE Vector Shape - Group","hd":false},{"ty":"fl","c":{"a":0,"k":[1,1,1,1],"ix":4},"o":{"a":0,"k":100,"ix":5},"r":1,"bm":0,"nm":"Fill 1","mn":"ADBE Vector Graphic - Fill","hd":false},{"ty":"tr","p":{"a":0,"k":[7.919,7.919],"ix":2},"a":{"a":0,"k":[0,0],"ix":1},"s":{"a":0,"k":[100,100],"ix":3},"r":{"a":0,"k":0,"ix":6},"o":{"a":0,"k":100,"ix":7},"sk":{"a":0,"k":0,"ix":4},"sa":{"a":0,"k":0,"ix":5},"nm":"Transform"}],"nm":"Group 2","np":3,"cix":2,"bm":0,"ix":2,"mn":"ADBE Vector Group","hd":false},{"ty":"gr","it":[{"ind":0,"ty":"sh","ix":1,"ks":{"a":0,"k":{"i":[[3.412,0.11],[0.11,-3.411],[-3.412,-0.11],[-0.111,3.412]],"o":[[-3.411,-0.11],[-0.111,3.412],[3.412,0.11],[0.11,-3.411]],"v":[[0.2,-6.188],[-6.187,-0.201],[-0.2,6.188],[6.188,0.201]],"c":true},"ix":2},"nm":"Path 1","mn":"ADBE Vector Shape - Group","hd":false},{"ty":"fl","c":{"a":0,"k":[0.275,0.270999983245,0.263000009574,1],"ix":4},"o":{"a":0,"k":100,"ix":5},"r":1,"bm":0,"nm":"Fill 1","mn":"ADBE Vector Graphic - Fill","hd":false},{"ty":"tr","p":{"a":0,"k":[7.918,7.919],"ix":2},"a":{"a":0,"k":[0,0],"ix":1},"s":{"a":0,"k":[100,100],"ix":3},"r":{"a":0,"k":0,"ix":6},"o":{"a":0,"k":100,"ix":7},"sk":{"a":0,"k":0,"ix":4},"sa":{"a":0,"k":0,"ix":5},"nm":"Transform"}],"nm":"Group 3","np":2,"cix":2,"bm":0,"ix":3,"mn":"ADBE Vector Group","hd":false}],"ip":0,"op":101,"st":0,"bm":0},{"ddd":0,"ind":26,"ty":4,"nm":"yifu","parent":29,"sr":1,"ks":{"o":{"a":0,"k":100,"ix":11},"r":{"a":0,"k":-6,"ix":10},"p":{"a":0,"k":[96.963,186.768,0],"ix":2},"a":{"a":0,"k":[53.763,57.951,0],"ix":1},"s":{"a":0,"k":[208.333,208.333,100],"ix":6}},"ao":0,"shapes":[{"ty":"gr","it":[{"ind":0,"ty":"sh","ix":1,"ks":{"a":0,"k":{"i":[[-11.341,0.985],[0.183,2.324],[14.202,2.838],[14.91,6.856],[5.65,3.844],[0.894,-1.869],[-21.458,-4.583]],"o":[[-0.055,-2.544],[-10.581,0.955],[-3.45,-0.689],[-8.413,-3.869],[-1.271,2.94],[10.874,6.887],[17.494,3.737]],"v":[[47.643,16.246],[47.655,9.004],[10.005,7.023],[-20.662,-3.128],[-41.766,-15.05],[-45.306,-6.429],[3.505,13.523]],"c":true},"ix":2},"nm":"Path 1","mn":"ADBE Vector Shape - Group","hd":false},{"ty":"fl","c":{"a":0,"k":[0.991999966491,0.859000052658,0.211999990426,1],"ix":4},"o":{"a":0,"k":100,"ix":5},"r":1,"bm":0,"nm":"Fill 1","mn":"ADBE Vector Graphic - Fill","hd":false},{"ty":"tr","p":{"a":0,"k":[53.412,69.857],"ix":2},"a":{"a":0,"k":[0,0],"ix":1},"s":{"a":0,"k":[100,100],"ix":3},"r":{"a":0,"k":0,"ix":6},"o":{"a":0,"k":100,"ix":7},"sk":{"a":0,"k":0,"ix":4},"sa":{"a":0,"k":0,"ix":5},"nm":"Transform"}],"nm":"Group 1","np":2,"cix":2,"bm":0,"ix":1,"mn":"ADBE Vector Group","hd":false},{"ty":"gr","it":[{"ind":0,"ty":"sh","ix":1,"ks":{"a":0,"k":{"i":[[-0.312,-2.615],[14.383,3.042],[11.787,7.712],[-1.022,2.075],[-21.174,-4.07],[-10.126,0.716]],"o":[[-10.292,0.413],[-22.782,-4.818],[1.098,-2.084],[10.993,6.787],[14.368,2.761],[0.134,2.509]],"v":[[46.608,17.57],[9.088,14.421],[-43.052,-7.337],[-39.744,-14.558],[8.838,4.421],[46.099,6.632]],"c":true},"ix":2},"nm":"Path 1","mn":"ADBE Vector Shape - Group","hd":false},{"ty":"fl","c":{"a":0,"k":[0.894000004787,0.275,0.2,1],"ix":4},"o":{"a":0,"k":100,"ix":5},"r":1,"bm":0,"nm":"Fill 1","mn":"ADBE Vector Graphic - Fill","hd":false},{"ty":"tr","p":{"a":0,"k":[54.578,62.792],"ix":2},"a":{"a":0,"k":[0,0],"ix":1},"s":{"a":0,"k":[100,100],"ix":3},"r":{"a":0,"k":0,"ix":6},"o":{"a":0,"k":100,"ix":7},"sk":{"a":0,"k":0,"ix":4},"sa":{"a":0,"k":0,"ix":5},"nm":"Transform"}],"nm":"Group 2","np":2,"cix":2,"bm":0,"ix":2,"mn":"ADBE Vector Group","hd":false},{"ty":"gr","it":[{"ind":0,"ty":"sh","ix":1,"ks":{"a":0,"k":{"i":[[-0.796,-3.953],[13.686,2.271],[11.324,7.193],[-1.027,2.937],[-17.801,-3.949],[-10.326,0.341]],"o":[[-9.676,0.946],[-22.489,-3.733],[0.962,-1.94],[10.192,5.8],[14.54,3.226],[0.43,3.21]],"v":[[45.184,16.547],[9.681,15.375],[-41.448,-4.277],[-36.272,-14.654],[5.931,1.625],[43.771,5.135]],"c":true},"ix":2},"nm":"Path 1","mn":"ADBE Vector Shape - Group","hd":false},{"ty":"fl","c":{"a":0,"k":[0.275,0.270999983245,0.263000009574,1],"ix":4},"o":{"a":0,"k":100,"ix":5},"r":1,"bm":0,"nm":"Fill 1","mn":"ADBE Vector Graphic - Fill","hd":false},{"ty":"tr","p":{"a":0,"k":[55.486,54.089],"ix":2},"a":{"a":0,"k":[0,0],"ix":1},"s":{"a":0,"k":[100,100],"ix":3},"r":{"a":0,"k":0,"ix":6},"o":{"a":0,"k":100,"ix":7},"sk":{"a":0,"k":0,"ix":4},"sa":{"a":0,"k":0,"ix":5},"nm":"Transform"}],"nm":"Group 3","np":2,"cix":2,"bm":0,"ix":3,"mn":"ADBE Vector Group","hd":false},{"ty":"gr","it":[{"ind":0,"ty":"sh","ix":1,"ks":{"a":0,"k":{"i":[[7.683,-0.743],[14.133,6.59],[10.796,6.253],[6.706,1.116],[-6.493,11.444],[-6.715,4.182],[-14.032,-5.479],[-4.039,-20.07],[4.157,-24.764]],"o":[[-5.894,0.57],[-9.605,-4.478],[-10.042,-5.814],[6.824,-22.305],[7.691,-13.556],[3.363,-2.094],[15.709,6.135],[2.461,12.229],[-4.132,1.463]],"v":[[29.255,55.778],[-4.745,51.111],[-25.078,36.778],[-51.412,27.445],[-29.745,-23.222],[-10.412,-46.555],[22.588,-52.222],[46.588,-4.889],[47.255,51.778]],"c":true},"ix":2},"nm":"Path 1","mn":"ADBE Vector Shape - Group","hd":false},{"ty":"fl","c":{"a":0,"k":[1,0.984000052658,0.980000035903,1],"ix":4},"o":{"a":0,"k":100,"ix":5},"r":1,"bm":0,"nm":"Fill 1","mn":"ADBE Vector Graphic - Fill","hd":false},{"ty":"tr","p":{"a":0,"k":[51.662,57.951],"ix":2},"a":{"a":0,"k":[0,0],"ix":1},"s":{"a":0,"k":[100,100],"ix":3},"r":{"a":0,"k":0,"ix":6},"o":{"a":0,"k":100,"ix":7},"sk":{"a":0,"k":0,"ix":4},"sa":{"a":0,"k":0,"ix":5},"nm":"Transform"}],"nm":"Group 4","np":2,"cix":2,"bm":0,"ix":4,"mn":"ADBE Vector Group","hd":false}],"ip":0,"op":101,"st":0,"bm":0},{"ddd":0,"ind":27,"ty":4,"nm":"Shape Layer 71","sr":1,"ks":{"o":{"a":0,"k":100,"ix":11},"r":{"a":0,"k":0,"ix":10},"p":{"a":0,"k":[410.33,1162.718,0],"ix":2},"a":{"a":0,"k":[32.813,29.243,0],"ix":1},"s":{"a":0,"k":[100,100,100],"ix":6}},"ao":0,"shapes":[{"ty":"gr","it":[{"ind":0,"ty":"sh","ix":1,"ks":{"a":1,"k":[{"i":{"x":0,"y":1},"o":{"x":0.333,"y":0},"t":0,"s":[{"i":[[5.082,-3.415],[15.233,-8.323],[-4.2,8.089],[-1.849,1.919],[-14.779,-13.355],[7.116,-3.345]],"o":[[-0.742,-1.665],[1.63,-6.067],[2.668,-5.139],[14.778,13.356],[-5.805,1.728],[-7.221,3.395]],"v":[[-5.454,28.993],[-32.563,10.605],[-24.089,-11.633],[-11.771,-28.993],[32.563,11.075],[13.002,18.535]],"c":true}]},{"i":{"x":0.667,"y":1},"o":{"x":1,"y":0},"t":10,"s":[{"i":[[2.249,-5.587],[21.983,-7.573],[-2.166,10.9],[-5.559,4.025],[-14.779,-13.355],[8.293,-1.253]],"o":[[-0.742,-1.665],[-0.767,-6.948],[1.259,-6.335],[14.778,13.356],[-4.519,6.332],[-7.89,1.192]],"v":[[12.671,27.243],[-20.438,17.105],[-17.714,-9.633],[-7.396,-26.243],[42.813,11.95],[24.377,18.785]],"c":true}]},{"t":15,"s":[{"i":[[5.082,-3.415],[15.233,-8.323],[-4.2,8.089],[-1.849,1.919],[-14.779,-13.355],[7.116,-3.345]],"o":[[-0.742,-1.665],[1.63,-6.067],[2.668,-5.139],[14.778,13.356],[-5.805,1.728],[-7.221,3.395]],"v":[[-5.454,28.993],[-32.563,10.605],[-24.089,-11.633],[-11.771,-28.993],[32.563,11.075],[13.002,18.535]],"c":true}]}],"ix":2},"nm":"Path 1","mn":"ADBE Vector Shape - Group","hd":false},{"ty":"fl","c":{"a":0,"k":[0.275,0.270999983245,0.263000009574,1],"ix":4},"o":{"a":0,"k":100,"ix":5},"r":1,"bm":0,"nm":"Fill 1","mn":"ADBE Vector Graphic - Fill","hd":false},{"ty":"tr","p":{"a":0,"k":[32.813,29.243],"ix":2},"a":{"a":0,"k":[0,0],"ix":1},"s":{"a":0,"k":[100,100],"ix":3},"r":{"a":0,"k":0,"ix":6},"o":{"a":0,"k":100,"ix":7},"sk":{"a":0,"k":0,"ix":4},"sa":{"a":0,"k":0,"ix":5},"nm":"Transform"}],"nm":"Group 1","np":2,"cix":2,"bm":0,"ix":1,"mn":"ADBE Vector Group","hd":false}],"ip":0,"op":101,"st":0,"bm":0},{"ddd":0,"ind":28,"ty":4,"nm":"Shape Layer 72","sr":1,"ks":{"o":{"a":0,"k":100,"ix":11},"r":{"a":0,"k":0,"ix":10},"p":{"a":0,"k":[453.039,1179.06,0],"ix":2},"a":{"a":0,"k":[34.149,26.228,0],"ix":1},"s":{"a":0,"k":[100,100,100],"ix":6}},"ao":0,"shapes":[{"ty":"gr","it":[{"ind":0,"ty":"sh","ix":1,"ks":{"a":1,"k":[{"i":{"x":0,"y":1},"o":{"x":0.333,"y":0},"t":0,"s":[{"i":[[-2.212,-4.736],[-6.39,7.454],[-1.373,7.048],[-0.817,7.662],[22.599,-4.912],[-4.532,-6.721]],"o":[[15.534,7.208],[1.662,-6.177],[1.696,-8.713],[-22.599,4.911],[4.158,4.256],[3.831,5.681]],"v":[[-11.573,20.982],[25.601,18.487],[30.198,-1.364],[33.899,-25.978],[-33.899,-11.243],[-20.525,5.173]],"c":true}]},{"i":{"x":0.667,"y":1},"o":{"x":1,"y":0},"t":10,"s":[{"i":[[-2.212,-4.736],[-6.39,7.454],[-1.373,7.048],[-0.817,7.662],[22.599,-4.912],[-1.389,-4.857]],"o":[[15.534,7.208],[1.662,-6.177],[1.696,-8.713],[-22.599,4.911],[4.158,4.256],[1.884,6.588]],"v":[[-4.448,24.607],[29.476,19.237],[37.573,-1.114],[39.774,-23.103],[-16.399,-11.243],[-8.4,9.048]],"c":true}]},{"t":15,"s":[{"i":[[-2.212,-4.736],[-6.39,7.454],[-1.373,7.048],[-0.817,7.662],[22.599,-4.912],[-4.532,-6.721]],"o":[[15.534,7.208],[1.662,-6.177],[1.696,-8.713],[-22.599,4.911],[4.158,4.256],[3.831,5.681]],"v":[[-11.573,20.982],[25.601,18.487],[30.198,-1.364],[33.899,-25.978],[-33.899,-11.243],[-20.525,5.173]],"c":true}]}],"ix":2},"nm":"Path 1","mn":"ADBE Vector Shape - Group","hd":false},{"ty":"fl","c":{"a":0,"k":[0.275,0.270999983245,0.263000009574,1],"ix":4},"o":{"a":0,"k":100,"ix":5},"r":1,"bm":0,"nm":"Fill 1","mn":"ADBE Vector Graphic - Fill","hd":false},{"ty":"tr","p":{"a":0,"k":[34.149,26.228],"ix":2},"a":{"a":0,"k":[0,0],"ix":1},"s":{"a":0,"k":[100,100],"ix":3},"r":{"a":0,"k":0,"ix":6},"o":{"a":0,"k":100,"ix":7},"sk":{"a":0,"k":0,"ix":4},"sa":{"a":0,"k":0,"ix":5},"nm":"Transform"}],"nm":"Group 1","np":2,"cix":2,"bm":0,"ix":1,"mn":"ADBE Vector Group","hd":false}],"ip":0,"op":101,"st":0,"bm":0},{"ddd":0,"ind":29,"ty":3,"nm":"shenzi","parent":23,"sr":1,"ks":{"o":{"a":0,"k":100,"ix":11},"r":{"a":1,"k":[{"i":{"x":[0],"y":[1]},"o":{"x":[0.333],"y":[0]},"t":0,"s":[6]},{"i":{"x":[0.667],"y":[1]},"o":{"x":[1],"y":[0]},"t":10,"s":[11]},{"t":15,"s":[6]}],"ix":10},"p":{"a":1,"k":[{"i":{"x":0,"y":1},"o":{"x":0.333,"y":0},"t":0,"s":[106.503,-109.909,0],"to":[0,0,0],"ti":[0,0,0]},{"i":{"x":0.667,"y":1},"o":{"x":1,"y":0},"t":10,"s":[119.503,-109.909,0],"to":[0,0,0],"ti":[0,0,0]},{"t":15,"s":[106.503,-109.909,0]}],"ix":2},"a":{"a":0,"k":[103.978,279.605,0],"ix":1},"s":{"a":0,"k":[100,100,100],"ix":6}},"ao":0,"ip":0,"op":101,"st":-20,"bm":0},{"ddd":0,"ind":30,"ty":4,"nm":"Shape Layer 61","parent":31,"sr":1,"ks":{"o":{"a":0,"k":100,"ix":11},"r":{"a":0,"k":0,"ix":10},"p":{"a":0,"k":[35.484,22.415,0],"ix":2},"a":{"a":0,"k":[19.555,22.749,0],"ix":1},"s":{"a":0,"k":[100,100,100],"ix":6}},"ao":0,"shapes":[{"ty":"gr","it":[{"ind":0,"ty":"sh","ix":1,"ks":{"a":0,"k":{"i":[[-4.798,-6.052],[-3.804,-0.76],[3.958,10.434],[-0.557,3.941],[2.482,-0.965],[-0.252,-2.62]],"o":[[3.803,0.76],[-3.555,-3.348],[-3.515,-9.264],[-2.483,0.965],[-0.188,2.215],[1.222,12.733]],"v":[[0.027,18.57],[11.437,20.851],[-2.943,-0.156],[-5.489,-20.851],[-12.935,-17.956],[-12.888,-10.695]],"c":true},"ix":2},"nm":"Path 1","mn":"ADBE Vector Shape - Group","hd":false},{"ty":"fl","c":{"a":0,"k":[0.275,0.270999983245,0.263000009574,1],"ix":4},"o":{"a":0,"k":100,"ix":5},"r":1,"bm":0,"nm":"Fill 1","mn":"ADBE Vector Graphic - Fill","hd":false},{"ty":"tr","p":{"a":0,"k":[13.39,23.36],"ix":2},"a":{"a":0,"k":[0,0],"ix":1},"s":{"a":0,"k":[100,100],"ix":3},"r":{"a":0,"k":0,"ix":6},"o":{"a":0,"k":100,"ix":7},"sk":{"a":0,"k":0,"ix":4},"sa":{"a":0,"k":0,"ix":5},"nm":"Transform"}],"nm":"Group 1","np":2,"cix":2,"bm":0,"ix":1,"mn":"ADBE Vector Group","hd":false},{"ty":"gr","it":[{"ind":0,"ty":"sh","ix":1,"ks":{"a":0,"k":{"i":[[5.167,2.074],[2.104,4.611],[-0.028,4.772],[-4.859,0.878],[-6.819,0.167],[-0.117,-14.999],[2.51,0.561]],"o":[[-2.28,-3.017],[-4.006,-8.783],[4.147,-1.154],[8.434,-1.525],[0.117,14.999],[-2.28,-0.356],[-6.863,-1.537]],"v":[[-6.851,15.492],[-13.745,4.011],[-18.425,-17.058],[-4.903,-20.155],[18.102,-22.499],[18.454,22.499],[11.261,21.134]],"c":true},"ix":2},"nm":"Path 1","mn":"ADBE Vector Shape - Group","hd":false},{"ty":"fl","c":{"a":0,"k":[1,0.984000052658,0.980000035903,1],"ix":4},"o":{"a":0,"k":100,"ix":5},"r":1,"bm":0,"nm":"Fill 1","mn":"ADBE Vector Graphic - Fill","hd":false},{"ty":"tr","p":{"a":0,"k":[20.406,22.749],"ix":2},"a":{"a":0,"k":[0,0],"ix":1},"s":{"a":0,"k":[100,100],"ix":3},"r":{"a":0,"k":0,"ix":6},"o":{"a":0,"k":100,"ix":7},"sk":{"a":0,"k":0,"ix":4},"sa":{"a":0,"k":0,"ix":5},"nm":"Transform"}],"nm":"Group 2","np":2,"cix":2,"bm":0,"ix":2,"mn":"ADBE Vector Group","hd":false}],"ip":0,"op":101,"st":0,"bm":0},{"ddd":0,"ind":31,"ty":4,"nm":"zuo","parent":29,"sr":1,"ks":{"o":{"a":0,"k":100,"ix":11},"r":{"a":1,"k":[{"i":{"x":[0],"y":[1]},"o":{"x":[0.333],"y":[0]},"t":0,"s":[-6]},{"i":{"x":[0.667],"y":[1]},"o":{"x":[1],"y":[0]},"t":10,"s":[-27]},{"t":15,"s":[-6]}],"ix":10},"p":{"a":0,"k":[53.944,125.923,0],"ix":2},"a":{"a":0,"k":[58.927,13.335,0],"ix":1},"s":{"a":0,"k":[208.333,208.333,100],"ix":6}},"ao":0,"shapes":[{"ty":"gr","it":[{"ty":"gr","it":[{"ind":0,"ty":"sh","ix":1,"ks":{"a":0,"k":{"i":[[-0.887,-17.316],[0,0],[0,0]],"o":[[0.827,16.146],[20.578,-12.359],[0,0]],"v":[[-43.29,2.689],[23.599,16.398],[7.633,-18.835]],"c":true},"ix":2},"nm":"Path 2","mn":"ADBE Vector Shape - Group","hd":false},{"ty":"tr","p":{"a":0,"k":[0,0],"ix":2},"a":{"a":0,"k":[0,0],"ix":1},"s":{"a":0,"k":[100,100],"ix":3},"r":{"a":0,"k":0,"ix":6},"o":{"a":0,"k":100,"ix":7},"sk":{"a":0,"k":0,"ix":4},"sa":{"a":0,"k":0,"ix":5},"nm":"Transform"}],"nm":"Group 1","np":1,"cix":2,"bm":0,"ix":1,"mn":"ADBE Vector Group","hd":false},{"ty":"fl","c":{"a":0,"k":[1,0.749019607843,0.125490196078,1],"ix":4},"o":{"a":0,"k":100,"ix":5},"r":1,"bm":0,"nm":"Fill 1","mn":"ADBE Vector Graphic - Fill","hd":false},{"ty":"tr","p":{"a":0,"k":[44.427,19.085],"ix":2},"a":{"a":0,"k":[0,0],"ix":1},"s":{"a":0,"k":[100,100],"ix":3},"r":{"a":0,"k":0,"ix":6},"o":{"a":0,"k":100,"ix":7},"sk":{"a":0,"k":0,"ix":4},"sa":{"a":0,"k":0,"ix":5},"nm":"Transform"}],"nm":"Group 1","np":2,"cix":2,"bm":0,"ix":1,"mn":"ADBE Vector Group","hd":false}],"ip":0,"op":101,"st":0,"bm":0},{"ddd":0,"ind":32,"ty":4,"nm":"Shape Layer 62","parent":33,"sr":1,"ks":{"o":{"a":0,"k":100,"ix":11},"r":{"a":0,"k":0,"ix":10},"p":{"a":0,"k":[40.869,22.943,0],"ix":2},"a":{"a":0,"k":[27.416,24.514,0],"ix":1},"s":{"a":0,"k":[100,100,100],"ix":6}},"ao":0,"shapes":[{"ty":"gr","it":[{"ind":0,"ty":"sh","ix":1,"ks":{"a":0,"k":{"i":[[7.405,-2.192],[3.548,1.564],[-9.237,6.259],[-1.81,3.544],[-1.476,-2.215],[1.712,-1.999]],"o":[[-3.549,-1.565],[4.832,-0.696],[8.203,-5.56],[1.476,2.217],[-1.12,1.921],[-8.322,9.715]],"v":[[-9.773,16.089],[-20.419,11.395],[3.423,2.478],[17.406,-12.991],[21.833,-6.342],[17.62,-0.428]],"c":true},"ix":2},"nm":"Path 1","mn":"ADBE Vector Shape - Group","hd":false},{"ty":"fl","c":{"a":0,"k":[0.275,0.270999983245,0.263000009574,1],"ix":4},"o":{"a":0,"k":100,"ix":5},"r":1,"bm":0,"nm":"Fill 1","mn":"ADBE Vector Graphic - Fill","hd":false},{"ty":"tr","p":{"a":0,"k":[32.748,32.69],"ix":2},"a":{"a":0,"k":[0,0],"ix":1},"s":{"a":0,"k":[100,100],"ix":3},"r":{"a":0,"k":0,"ix":6},"o":{"a":0,"k":100,"ix":7},"sk":{"a":0,"k":0,"ix":4},"sa":{"a":0,"k":0,"ix":5},"nm":"Transform"}],"nm":"Group 1","np":2,"cix":2,"bm":0,"ix":1,"mn":"ADBE Vector Group","hd":false},{"ty":"gr","it":[{"ind":0,"ty":"sh","ix":1,"ks":{"a":0,"k":{"i":[[-5.42,-1.273],[-4.372,2.563],[-2.721,3.92],[3.471,3.513],[5.482,4.058],[8.721,-12.205],[-2.377,-0.983]],"o":[[3.6,-1.156],[8.328,-4.882],[-2.729,-3.329],[-6.024,-6.098],[-8.721,12.204],[2.07,1.019],[6.498,2.69]],"v":[[-1.726,22.715],[10.516,17.287],[26.459,2.74],[17.177,-7.568],[-0.297,-22.715],[-26.459,13.9],[-19.789,16.917]],"c":true},"ix":2},"nm":"Path 1","mn":"ADBE Vector Shape - Group","hd":false},{"ty":"fl","c":{"a":0,"k":[1,0.984000052658,0.980000035903,1],"ix":4},"o":{"a":0,"k":100,"ix":5},"r":1,"bm":0,"nm":"Fill 1","mn":"ADBE Vector Graphic - Fill","hd":false},{"ty":"tr","p":{"a":0,"k":[26.709,22.965],"ix":2},"a":{"a":0,"k":[0,0],"ix":1},"s":{"a":0,"k":[100,100],"ix":3},"r":{"a":0,"k":0,"ix":6},"o":{"a":0,"k":100,"ix":7},"sk":{"a":0,"k":0,"ix":4},"sa":{"a":0,"k":0,"ix":5},"nm":"Transform"}],"nm":"Group 2","np":2,"cix":2,"bm":0,"ix":2,"mn":"ADBE Vector Group","hd":false}],"ip":0,"op":101,"st":0,"bm":0},{"ddd":0,"ind":33,"ty":4,"nm":"you","parent":29,"sr":1,"ks":{"o":{"a":0,"k":100,"ix":11},"r":{"a":1,"k":[{"i":{"x":[0],"y":[1]},"o":{"x":[0.333],"y":[0]},"t":0,"s":[-6]},{"i":{"x":[0.667],"y":[1]},"o":{"x":[1],"y":[0]},"t":10,"s":[-27]},{"t":15,"s":[-6]}],"ix":10},"p":{"a":0,"k":[170.551,143.658,0],"ix":2},"a":{"a":0,"k":[27.669,13.346,0],"ix":1},"s":{"a":0,"k":[208.333,208.333,100],"ix":6}},"ao":0,"shapes":[{"ty":"gr","it":[{"ty":"gr","it":[{"ind":0,"ty":"sh","ix":1,"ks":{"a":0,"k":{"i":[[-8.046,-18.145],[-9.96,12.734],[0,0],[2.083,0]],"o":[[0,0],[10.683,-13.658],[0,0],[-9.95,0]],"v":[[-32.623,-10.132],[29.986,17.113],[0.698,-29.777],[-2.677,-29.846]],"c":true},"ix":2},"nm":"Path 2","mn":"ADBE Vector Shape - Group","hd":false},{"ty":"tr","p":{"a":0,"k":[0,0],"ix":2},"a":{"a":0,"k":[0,0],"ix":1},"s":{"a":0,"k":[100,100],"ix":3},"r":{"a":0,"k":0,"ix":6},"o":{"a":0,"k":100,"ix":7},"sk":{"a":0,"k":0,"ix":4},"sa":{"a":0,"k":0,"ix":5},"nm":"Transform"}],"nm":"Group 1","np":1,"cix":2,"bm":0,"ix":1,"mn":"ADBE Vector Group","hd":false},{"ty":"fl","c":{"a":0,"k":[1,0.749019607843,0.125490196078,1],"ix":4},"o":{"a":0,"k":100,"ix":5},"r":1,"bm":0,"nm":"Fill 1","mn":"ADBE Vector Graphic - Fill","hd":false},{"ty":"tr","p":{"a":0,"k":[40.919,30.096],"ix":2},"a":{"a":0,"k":[0,0],"ix":1},"s":{"a":0,"k":[100,100],"ix":3},"r":{"a":0,"k":0,"ix":6},"o":{"a":0,"k":100,"ix":7},"sk":{"a":0,"k":0,"ix":4},"sa":{"a":0,"k":0,"ix":5},"nm":"Transform"}],"nm":"Group 1","np":2,"cix":2,"bm":0,"ix":1,"mn":"ADBE Vector Group","hd":false}],"ip":0,"op":101,"st":0,"bm":0},{"ddd":0,"ind":34,"ty":4,"nm":"zuitui","parent":23,"sr":1,"ks":{"o":{"a":0,"k":100,"ix":11},"r":{"a":1,"k":[{"i":{"x":[0],"y":[1]},"o":{"x":[0.333],"y":[0]},"t":0,"s":[39]},{"i":{"x":[0.667],"y":[1]},"o":{"x":[1],"y":[0]},"t":10,"s":[15]},{"t":15,"s":[39]}],"ix":10},"p":{"a":1,"k":[{"i":{"x":0,"y":1},"o":{"x":0.333,"y":0},"t":0,"s":[-23.356,-41.125,0],"to":[0,0,0],"ti":[0,0,0]},{"i":{"x":0.667,"y":1},"o":{"x":1,"y":0},"t":10,"s":[39.144,-27.583,0],"to":[0,0,0],"ti":[0,0,0]},{"t":15,"s":[-23.356,-41.125,0]}],"ix":2},"a":{"a":0,"k":[73.268,250.986,0],"ix":1},"s":{"a":0,"k":[100,100,100],"ix":6}},"ao":0,"shapes":[{"ty":"gr","it":[{"ind":0,"ty":"sh","ix":1,"ks":{"a":1,"k":[{"i":{"x":0,"y":1},"o":{"x":0.333,"y":0},"t":0,"s":[{"i":[[-4.023,-21.596],[-8.436,-25.609],[-22.916,13.325],[-5.144,17.23],[-3.718,27.427],[9.004,-88.871]],"o":[[0,0],[9.245,28.065],[7.113,-4.136],[6.366,-21.322],[6.633,-48.932],[-1.475,14.556]],"v":[[-36.708,17.124],[-24.758,69.867],[22.559,110.84],[40.891,76.756],[55.917,-0.224],[-40.126,-36.777]],"c":true}]},{"i":{"x":0.667,"y":1},"o":{"x":1,"y":0},"t":10,"s":[{"i":[[8.168,-19.079],[-13.467,-45.485],[-22.036,14.736],[2.654,13.468],[-3.718,27.427],[9.004,-88.871]],"o":[[0,0],[8.388,28.333],[6.102,-4.08],[-3.703,-18.786],[6.633,-48.932],[-1.475,14.556]],"v":[[-36.96,-18.923],[-41.054,62.239],[22.559,110.839],[30.927,82.482],[55.917,-0.224],[-34.977,-34.78]],"c":true}]},{"t":15,"s":[{"i":[[-4.023,-21.596],[-8.436,-25.609],[-22.916,13.325],[-5.144,17.23],[-3.718,27.427],[9.004,-88.871]],"o":[[0,0],[9.245,28.065],[7.113,-4.136],[6.366,-21.322],[6.633,-48.932],[-1.475,14.556]],"v":[[-36.708,17.124],[-24.758,69.867],[22.559,110.84],[40.891,76.756],[55.917,-0.224],[-40.126,-36.777]],"c":true}]}],"ix":2},"nm":"Path 1","mn":"ADBE Vector Shape - Group","hd":false},{"ty":"fl","c":{"a":0,"k":[0.956862745098,0.725490196078,0.223529411765,1],"ix":4},"o":{"a":0,"k":100,"ix":5},"r":1,"bm":0,"nm":"Fill 1","mn":"ADBE Vector Graphic - Fill","hd":false},{"ty":"tr","p":{"a":0,"k":[65.541,136.573],"ix":2},"a":{"a":0,"k":[0,0],"ix":1},"s":{"a":0,"k":[100,100],"ix":3},"r":{"a":0,"k":0,"ix":6},"o":{"a":0,"k":100,"ix":7},"sk":{"a":0,"k":0,"ix":4},"sa":{"a":0,"k":0,"ix":5},"nm":"Transform"}],"nm":"Group 1","np":2,"cix":2,"bm":0,"ix":1,"mn":"ADBE Vector Group","hd":false}],"ip":0,"op":101,"st":-20,"bm":0},{"ddd":0,"ind":35,"ty":4,"nm":"youtui","parent":23,"sr":1,"ks":{"o":{"a":0,"k":100,"ix":11},"r":{"a":1,"k":[{"i":{"x":[0],"y":[1]},"o":{"x":[0.333],"y":[0]},"t":0,"s":[0]},{"i":{"x":[0.667],"y":[1]},"o":{"x":[1],"y":[0]},"t":10,"s":[9]},{"t":15,"s":[0]}],"ix":10},"p":{"a":0,"k":[152.022,-0.068,0],"ix":2},"a":{"a":0,"k":[56.768,250.868,0],"ix":1},"s":{"a":0,"k":[100,100,100],"ix":6}},"ao":0,"shapes":[{"ty":"gr","it":[{"ind":0,"ty":"sh","ix":1,"ks":{"a":0,"k":{"i":[[28.824,-153.403],[8.026,-25.013],[23.416,13.665],[4.585,13.384],[4.226,35.496]],"o":[[0,0],[-9.227,28.756],[-6.029,-3.519],[-8.862,-25.868],[-5.044,-42.372]],"v":[[36.5,17.114],[25.091,67.918],[-22.915,110.738],[-38.801,84.142],[-58.182,-16.876]],"c":true},"ix":2},"nm":"Path 1","mn":"ADBE Vector Shape - Group","hd":false},{"ty":"fl","c":{"a":0,"k":[0.956862745098,0.733333333333,0.227450980392,1],"ix":4},"o":{"a":0,"k":100,"ix":5},"r":1,"bm":0,"nm":"Fill 1","mn":"ADBE Vector Graphic - Fill","hd":false},{"ty":"tr","p":{"a":0,"k":[65.573,136.539],"ix":2},"a":{"a":0,"k":[0,0],"ix":1},"s":{"a":0,"k":[100,100],"ix":3},"r":{"a":0,"k":0,"ix":6},"o":{"a":0,"k":100,"ix":7},"sk":{"a":0,"k":0,"ix":4},"sa":{"a":0,"k":0,"ix":5},"nm":"Transform"}],"nm":"Group 1","np":2,"cix":2,"bm":0,"ix":1,"mn":"ADBE Vector Group","hd":false}],"ip":0,"op":101,"st":-20,"bm":0},{"ddd":0,"ind":36,"ty":4,"nm":"Shape Layer 75","sr":1,"ks":{"o":{"a":0,"k":100,"ix":11},"r":{"a":0,"k":0,"ix":10},"p":{"a":1,"k":[{"i":{"x":0.833,"y":0.833},"o":{"x":0.167,"y":0.167},"t":27,"s":[-113.222,1217.002,0],"to":[0,0,0],"ti":[0,0,0]},{"i":{"x":0.833,"y":0.833},"o":{"x":0.167,"y":0.167},"t":44,"s":[116.778,1217.002,0],"to":[0,0,0],"ti":[0,0,0]},{"i":{"x":0.833,"y":0.833},"o":{"x":0.167,"y":0.167},"t":51,"s":[191.218,1217.002,0],"to":[0,0,0],"ti":[0,0,0]},{"i":{"x":0.833,"y":0.833},"o":{"x":0.167,"y":0.167},"t":58,"s":[256.278,1217.002,0],"to":[0,0,0],"ti":[0,0,0]},{"i":{"x":0.833,"y":0.833},"o":{"x":0.167,"y":0.167},"t":65,"s":[288.818,1217.002,0],"to":[0,0,0],"ti":[0,0,0]},{"i":{"x":0.648,"y":1},"o":{"x":0.085,"y":0.152},"t":72,"s":[317.778,1217.002,0],"to":[0,0,0],"ti":[0,0,0]},{"t":91,"s":[372.778,1217.002,0]}],"ix":2},"a":{"a":0,"k":[66.597,13.75,0],"ix":1},"s":{"a":1,"k":[{"i":{"x":[0.833,0.833,0.833],"y":[0.833,0.833,0.833]},"o":{"x":[0.167,0.167,0.167],"y":[0.167,0.167,0.167]},"t":27,"s":[10,10,100]},{"i":{"x":[0.833,0.833,0.833],"y":[0.833,0.833,0.833]},"o":{"x":[0.167,0.167,0.167],"y":[0.167,0.167,0.167]},"t":44,"s":[33,33,100]},{"i":{"x":[0.833,0.833,0.833],"y":[0.833,0.833,0.833]},"o":{"x":[0.167,0.167,0.167],"y":[0.167,0.167,0.167]},"t":51,"s":[22,22,100]},{"i":{"x":[0.833,0.833,0.833],"y":[0.833,0.833,0.833]},"o":{"x":[0.167,0.167,0.167],"y":[0.167,0.167,0.167]},"t":58,"s":[33,33,100]},{"i":{"x":[0.833,0.833,0.833],"y":[0.833,0.833,0.833]},"o":{"x":[0.167,0.167,0.167],"y":[0.167,0.167,0.167]},"t":65,"s":[28,28,100]},{"i":{"x":[0.833,0.833,0.833],"y":[0.833,0.833,0.833]},"o":{"x":[0.167,0.167,0.167],"y":[0.167,0.167,0.167]},"t":72,"s":[33,33,100]},{"t":91,"s":[33,33,100]}],"ix":6}},"ao":0,"shapes":[{"ty":"gr","it":[{"ind":0,"ty":"sh","ix":1,"ks":{"a":0,"k":{"i":[[0,-4.694],[-33.664,0],[0,4.694],[33.663,0]],"o":[[0,4.694],[33.663,0],[0,-4.694],[-33.664,0]],"v":[[-165.459,567.002],[-104.505,575.502],[-43.552,567.002],[-104.505,558.502]],"c":true},"ix":2},"nm":"Path 2","mn":"ADBE Vector Shape - Group","hd":false},{"ty":"fl","c":{"a":0,"k":[0.57599995931,0.752999997606,0.388000009574,1],"ix":4},"o":{"a":0,"k":100,"ix":5},"r":1,"bm":0,"nm":"Fill 1","mn":"ADBE Vector Graphic - Fill","hd":false},{"ty":"tr","p":{"a":0,"k":[171.103,-553.252],"ix":2},"a":{"a":0,"k":[0,0],"ix":1},"s":{"a":0,"k":[100,100],"ix":3},"r":{"a":0,"k":0,"ix":6},"o":{"a":0,"k":100,"ix":7},"sk":{"a":0,"k":0,"ix":4},"sa":{"a":0,"k":0,"ix":5},"nm":"Transform"}],"nm":"Group 1","np":2,"cix":2,"bm":0,"ix":1,"mn":"ADBE Vector Group","hd":false}],"ip":0,"op":101,"st":-20,"bm":0},{"ddd":0,"ind":37,"ty":4,"nm":"Shape Layer 74","sr":1,"ks":{"o":{"a":0,"k":100,"ix":11},"r":{"a":0,"k":0,"ix":10},"p":{"a":1,"k":[{"i":{"x":0.027,"y":1},"o":{"x":0.333,"y":0},"t":13,"s":[372.779,1217.002,0],"to":[-85.917,0,0],"ti":[85.917,0,0]},{"t":38,"s":[-142.721,1217.002,0]}],"ix":2},"a":{"a":0,"k":[66.597,13.75,0],"ix":1},"s":{"a":1,"k":[{"i":{"x":[0,0,0.667],"y":[1,1,1]},"o":{"x":[0.333,0.333,0.333],"y":[0,0,0]},"t":13,"s":[33,33,100]},{"t":38,"s":[15,15,100]}],"ix":6}},"ao":0,"shapes":[{"ty":"gr","it":[{"ind":0,"ty":"sh","ix":1,"ks":{"a":0,"k":{"i":[[0,-4.694],[-33.664,0],[0,4.694],[33.663,0]],"o":[[0,4.694],[33.663,0],[0,-4.694],[-33.664,0]],"v":[[-165.459,567.002],[-104.505,575.502],[-43.552,567.002],[-104.505,558.502]],"c":true},"ix":2},"nm":"Path 2","mn":"ADBE Vector Shape - Group","hd":false},{"ty":"fl","c":{"a":0,"k":[0.57599995931,0.752999997606,0.388000009574,1],"ix":4},"o":{"a":0,"k":100,"ix":5},"r":1,"bm":0,"nm":"Fill 1","mn":"ADBE Vector Graphic - Fill","hd":false},{"ty":"tr","p":{"a":0,"k":[171.103,-553.252],"ix":2},"a":{"a":0,"k":[0,0],"ix":1},"s":{"a":0,"k":[100,100],"ix":3},"r":{"a":0,"k":0,"ix":6},"o":{"a":0,"k":100,"ix":7},"sk":{"a":0,"k":0,"ix":4},"sa":{"a":0,"k":0,"ix":5},"nm":"Transform"}],"nm":"Group 1","np":2,"cix":2,"bm":0,"ix":1,"mn":"ADBE Vector Group","hd":false}],"ip":0,"op":101,"st":-20,"bm":0},{"ddd":0,"ind":38,"ty":4,"nm":"Shape Layer 73","sr":1,"ks":{"o":{"a":0,"k":100,"ix":11},"r":{"a":0,"k":0,"ix":10},"p":{"a":0,"k":[426.494,1217.002,0],"ix":2},"a":{"a":0,"k":[66.597,13.75,0],"ix":1},"s":{"a":0,"k":[100,100,100],"ix":6}},"ao":0,"shapes":[{"ty":"gr","it":[{"ind":0,"ty":"sh","ix":1,"ks":{"a":1,"k":[{"i":{"x":0.833,"y":0.833},"o":{"x":0.167,"y":0.167},"t":0,"s":[{"i":[[0,-4.694],[-33.664,0],[0,4.694],[33.663,0]],"o":[[0,4.694],[33.663,0],[0,-4.694],[-33.664,0]],"v":[[-165.459,567.002],[-104.505,575.502],[-43.552,567.002],[-104.505,558.502]],"c":true}]},{"i":{"x":0.833,"y":0.833},"o":{"x":0.167,"y":0.167},"t":10,"s":[{"i":[[0,-4.694],[-33.664,0],[0,4.694],[33.663,0]],"o":[[0,4.694],[33.663,0],[0,-4.694],[-33.664,0]],"v":[[-149.959,567.006],[-104.505,575.502],[-43.552,567.002],[-104.255,556.502]],"c":true}]},{"t":15,"s":[{"i":[[0,-4.694],[-33.664,0],[0,4.694],[33.663,0]],"o":[[0,4.694],[33.663,0],[0,-4.694],[-33.664,0]],"v":[[-165.459,567.002],[-104.505,575.502],[-43.552,567.002],[-104.505,558.502]],"c":true}]}],"ix":2},"nm":"Path 2","mn":"ADBE Vector Shape - Group","hd":false},{"ty":"fl","c":{"a":0,"k":[0.57599995931,0.752999997606,0.388000009574,1],"ix":4},"o":{"a":0,"k":100,"ix":5},"r":1,"bm":0,"nm":"Fill 1","mn":"ADBE Vector Graphic - Fill","hd":false},{"ty":"tr","p":{"a":0,"k":[171.103,-553.252],"ix":2},"a":{"a":0,"k":[0,0],"ix":1},"s":{"a":0,"k":[100,100],"ix":3},"r":{"a":0,"k":0,"ix":6},"o":{"a":0,"k":100,"ix":7},"sk":{"a":0,"k":0,"ix":4},"sa":{"a":0,"k":0,"ix":5},"nm":"Transform"}],"nm":"Group 1","np":2,"cix":2,"bm":0,"ix":1,"mn":"ADBE Vector Group","hd":false}],"ip":0,"op":101,"st":-20,"bm":0}]}],"layers":[{"ddd":0,"ind":1,"ty":0,"nm":"踢球","refId":"comp_0","sr":1,"ks":{"o":{"a":0,"k":100,"ix":11},"r":{"a":0,"k":0,"ix":10},"p":{"a":0,"k":[562.5,650,0],"ix":2},"a":{"a":0,"k":[562.5,650,0],"ix":1},"s":{"a":0,"k":[100,100,100],"ix":6}},"ao":0,"w":1125,"h":1300,"ip":100,"op":201,"st":100,"bm":0},{"ddd":0,"ind":2,"ty":0,"nm":"踢球","refId":"comp_0","sr":1,"ks":{"o":{"a":0,"k":100,"ix":11},"r":{"a":0,"k":0,"ix":10},"p":{"a":0,"k":[562.5,650,0],"ix":2},"a":{"a":0,"k":[562.5,650,0],"ix":1},"s":{"a":0,"k":[100,100,100],"ix":6}},"ao":0,"w":1125,"h":1300,"ip":0,"op":101,"st":0,"bm":0},{"ddd":0,"ind":3,"ty":2,"nm":"建筑.png","cl":"png","refId":"image_0","sr":1,"ks":{"o":{"a":0,"k":100,"ix":11},"r":{"a":0,"k":0,"ix":10},"p":{"a":0,"k":[562.5,650,0],"ix":2},"a":{"a":0,"k":[562.5,650,0],"ix":1},"s":{"a":0,"k":[100,100,100],"ix":6}},"ao":0,"ip":0,"op":250,"st":0,"bm":0},{"ddd":0,"ind":4,"ty":4,"nm":"Shape Layer 59","sr":1,"ks":{"o":{"a":0,"k":100,"ix":11},"r":{"a":0,"k":0,"ix":10},"p":{"a":1,"k":[{"i":{"x":0.833,"y":0.833},"o":{"x":0.167,"y":0.167},"t":-37,"s":[-60,982.813,0],"to":[209.167,0,0],"ti":[-209.167,0,0]},{"t":163,"s":[1195,982.813,0]}],"ix":2},"a":{"a":0,"k":[59.75,16.75,0],"ix":1},"s":{"a":0,"k":[100,100,100],"ix":6}},"ao":0,"shapes":[{"ty":"gr","it":[{"ind":0,"ty":"sh","ix":1,"ks":{"a":0,"k":{"i":[[4.181,-1.167],[6.46,-7.102],[-19.62,-0.274],[-16.494,-0.393],[2.174,1.966],[2.202,1.645],[3.635,-0.242],[3.162,-3.094],[16.656,0.002]],"o":[[-13.269,3.706],[19.622,0.044],[16.493,0.229],[-4.634,-0.201],[-1.747,-1.574],[-2.026,-1.514],[-1.554,0.105],[-6.279,-5.424],[-3.824,0]],"v":[[-412.489,322.98],[-442.42,342.89],[-383.556,343.365],[-334.076,344.297],[-344.146,340.044],[-348.636,335.78],[-357.116,332.461],[-364.599,336.254],[-400.466,321.312]],"c":true},"ix":2},"nm":"Path 2","mn":"ADBE Vector Shape - Group","hd":false},{"ty":"fl","c":{"a":0,"k":[0.984000052658,0.984000052658,0.995999983245,1],"ix":4},"o":{"a":0,"k":100,"ix":5},"r":1,"bm":0,"nm":"Fill 1","mn":"ADBE Vector Graphic - Fill","hd":false},{"ty":"tr","p":{"a":0,"k":[447.67,-316.063],"ix":2},"a":{"a":0,"k":[0,0],"ix":1},"s":{"a":0,"k":[100,100],"ix":3},"r":{"a":0,"k":0,"ix":6},"o":{"a":0,"k":100,"ix":7},"sk":{"a":0,"k":0,"ix":4},"sa":{"a":0,"k":0,"ix":5},"nm":"Transform"}],"nm":"Group 1","np":2,"cix":2,"bm":0,"ix":1,"mn":"ADBE Vector Group","hd":false}],"ip":0,"op":164,"st":-37,"bm":0},{"ddd":0,"ind":5,"ty":4,"nm":"Shape Layer 57","sr":1,"ks":{"o":{"a":0,"k":100,"ix":11},"r":{"a":0,"k":0,"ix":10},"p":{"a":1,"k":[{"i":{"x":0.833,"y":0.833},"o":{"x":0.167,"y":0.167},"t":164,"s":[-60,982.813,0],"to":[209.167,0,0],"ti":[-209.167,0,0]},{"t":364,"s":[1195,982.813,0]}],"ix":2},"a":{"a":0,"k":[59.75,16.75,0],"ix":1},"s":{"a":0,"k":[100,100,100],"ix":6}},"ao":0,"shapes":[{"ty":"gr","it":[{"ind":0,"ty":"sh","ix":1,"ks":{"a":0,"k":{"i":[[4.181,-1.167],[6.46,-7.102],[-19.62,-0.274],[-16.494,-0.393],[2.174,1.966],[2.202,1.645],[3.635,-0.242],[3.162,-3.094],[16.656,0.002]],"o":[[-13.269,3.706],[19.622,0.044],[16.493,0.229],[-4.634,-0.201],[-1.747,-1.574],[-2.026,-1.514],[-1.554,0.105],[-6.279,-5.424],[-3.824,0]],"v":[[-412.489,322.98],[-442.42,342.89],[-383.556,343.365],[-334.076,344.297],[-344.146,340.044],[-348.636,335.78],[-357.116,332.461],[-364.599,336.254],[-400.466,321.312]],"c":true},"ix":2},"nm":"Path 2","mn":"ADBE Vector Shape - Group","hd":false},{"ty":"fl","c":{"a":0,"k":[0.984000052658,0.984000052658,0.995999983245,1],"ix":4},"o":{"a":0,"k":100,"ix":5},"r":1,"bm":0,"nm":"Fill 1","mn":"ADBE Vector Graphic - Fill","hd":false},{"ty":"tr","p":{"a":0,"k":[447.67,-316.063],"ix":2},"a":{"a":0,"k":[0,0],"ix":1},"s":{"a":0,"k":[100,100],"ix":3},"r":{"a":0,"k":0,"ix":6},"o":{"a":0,"k":100,"ix":7},"sk":{"a":0,"k":0,"ix":4},"sa":{"a":0,"k":0,"ix":5},"nm":"Transform"}],"nm":"Group 1","np":2,"cix":2,"bm":0,"ix":1,"mn":"ADBE Vector Group","hd":false}],"ip":164,"op":201,"st":164,"bm":0},{"ddd":0,"ind":6,"ty":4,"nm":"Shape Layer 60","sr":1,"ks":{"o":{"a":0,"k":100,"ix":11},"r":{"a":0,"k":0,"ix":10},"p":{"a":1,"k":[{"i":{"x":0.833,"y":0.833},"o":{"x":0.167,"y":0.167},"t":-177,"s":[-60,1004.813,0],"to":[207.333,0,0],"ti":[-207.333,0,0]},{"t":23,"s":[1184,1004.813,0]}],"ix":2},"a":{"a":0,"k":[58.75,16.75,0],"ix":1},"s":{"a":0,"k":[100,100,100],"ix":6}},"ao":0,"shapes":[{"ty":"gr","it":[{"ind":0,"ty":"sh","ix":1,"ks":{"a":0,"k":{"i":[[4.104,-1.166],[6.341,-7.103],[-19.26,-0.273],[-16.192,-0.394],[2.133,1.965],[2.16,1.645],[3.568,-0.242],[3.104,-3.094],[16.353,0]],"o":[[-13.026,3.705],[19.263,0.044],[16.19,0.23],[-4.55,-0.201],[-1.716,-1.575],[-1.989,-1.515],[-1.525,0.104],[-6.164,-5.423],[-3.752,0]],"v":[[449.962,344.98],[420.58,364.891],[478.364,365.364],[526.937,366.298],[517.051,362.045],[512.644,357.78],[504.319,354.461],[496.973,358.254],[461.763,343.312]],"c":true},"ix":2},"nm":"Path 2","mn":"ADBE Vector Shape - Group","hd":false},{"ty":"fl","c":{"a":0,"k":[0.984000052658,0.984000052658,0.995999983245,1],"ix":4},"o":{"a":0,"k":100,"ix":5},"r":1,"bm":0,"nm":"Fill 1","mn":"ADBE Vector Graphic - Fill","hd":false},{"ty":"tr","p":{"a":0,"k":[-415.33,-338.063],"ix":2},"a":{"a":0,"k":[0,0],"ix":1},"s":{"a":0,"k":[100,100],"ix":3},"r":{"a":0,"k":0,"ix":6},"o":{"a":0,"k":100,"ix":7},"sk":{"a":0,"k":0,"ix":4},"sa":{"a":0,"k":0,"ix":5},"nm":"Transform"}],"nm":"Group 1","np":2,"cix":2,"bm":0,"ix":1,"mn":"ADBE Vector Group","hd":false}],"ip":0,"op":24,"st":-177,"bm":0},{"ddd":0,"ind":7,"ty":4,"nm":"Shape Layer 58","sr":1,"ks":{"o":{"a":0,"k":100,"ix":11},"r":{"a":0,"k":0,"ix":10},"p":{"a":1,"k":[{"i":{"x":0.833,"y":0.833},"o":{"x":0.167,"y":0.167},"t":24,"s":[-60,1004.813,0],"to":[207.333,0,0],"ti":[-207.333,0,0]},{"t":224,"s":[1184,1004.813,0]}],"ix":2},"a":{"a":0,"k":[58.75,16.75,0],"ix":1},"s":{"a":0,"k":[100,100,100],"ix":6}},"ao":0,"shapes":[{"ty":"gr","it":[{"ind":0,"ty":"sh","ix":1,"ks":{"a":0,"k":{"i":[[4.104,-1.166],[6.341,-7.103],[-19.26,-0.273],[-16.192,-0.394],[2.133,1.965],[2.16,1.645],[3.568,-0.242],[3.104,-3.094],[16.353,0]],"o":[[-13.026,3.705],[19.263,0.044],[16.19,0.23],[-4.55,-0.201],[-1.716,-1.575],[-1.989,-1.515],[-1.525,0.104],[-6.164,-5.423],[-3.752,0]],"v":[[449.962,344.98],[420.58,364.891],[478.364,365.364],[526.937,366.298],[517.051,362.045],[512.644,357.78],[504.319,354.461],[496.973,358.254],[461.763,343.312]],"c":true},"ix":2},"nm":"Path 2","mn":"ADBE Vector Shape - Group","hd":false},{"ty":"fl","c":{"a":0,"k":[0.984000052658,0.984000052658,0.995999983245,1],"ix":4},"o":{"a":0,"k":100,"ix":5},"r":1,"bm":0,"nm":"Fill 1","mn":"ADBE Vector Graphic - Fill","hd":false},{"ty":"tr","p":{"a":0,"k":[-415.33,-338.063],"ix":2},"a":{"a":0,"k":[0,0],"ix":1},"s":{"a":0,"k":[100,100],"ix":3},"r":{"a":0,"k":0,"ix":6},"o":{"a":0,"k":100,"ix":7},"sk":{"a":0,"k":0,"ix":4},"sa":{"a":0,"k":0,"ix":5},"nm":"Transform"}],"nm":"Group 1","np":2,"cix":2,"bm":0,"ix":1,"mn":"ADBE Vector Group","hd":false}],"ip":24,"op":201,"st":24,"bm":0},{"ddd":0,"ind":8,"ty":2,"nm":"草.png","cl":"png","refId":"image_1","sr":1,"ks":{"o":{"a":0,"k":100,"ix":11},"r":{"a":0,"k":0,"ix":10},"p":{"a":0,"k":[562.5,650,0],"ix":2},"a":{"a":0,"k":[562.5,650,0],"ix":1},"s":{"a":0,"k":[100,100,100],"ix":6}},"ao":0,"ip":0,"op":250,"st":0,"bm":0},{"ddd":0,"ind":9,"ty":2,"nm":"天空.png","cl":"png","refId":"image_2","sr":1,"ks":{"o":{"a":0,"k":100,"ix":11},"r":{"a":0,"k":0,"ix":10},"p":{"a":0,"k":[562.5,650,0],"ix":2},"a":{"a":0,"k":[562.5,650,0],"ix":1},"s":{"a":0,"k":[100,100,100],"ix":6}},"ao":0,"ip":0,"op":250,"st":0,"bm":0}],"markers":[]}