{"v":"5.5.2","fr":25,"ip":0,"op":201,"w":1125,"h":1300,"nm":"西","ddd":0,"assets":[{"id":"image_0","w":1125,"h":1300,"u":"images/","p":"img_0.png","e":0},{"id":"image_1","w":1125,"h":1300,"u":"images/","p":"img_1.png","e":0},{"id":"comp_0","layers":[{"ddd":0,"ind":1,"ty":4,"nm":"Shape Layer 31","parent":5,"sr":1,"ks":{"o":{"a":0,"k":100,"ix":11},"r":{"a":0,"k":0,"ix":10},"p":{"a":0,"k":[71.127,44.418,0],"ix":2},"a":{"a":0,"k":[17.312,20.225,0],"ix":1},"s":{"a":0,"k":[100,100,100],"ix":6}},"ao":0,"shapes":[{"ty":"gr","it":[{"ind":0,"ty":"sh","ix":1,"ks":{"a":1,"k":[{"i":{"x":0.833,"y":0.833},"o":{"x":0.167,"y":0.167},"t":10,"s":[{"i":[[0.003,-0.003],[1.132,-10.704],[-0.271,0.211]],"o":[[-0.279,0.223],[0.292,-0.202],[1.025,-20.312]],"v":[[62.575,521.411],[60.368,556.454],[60.287,556.375]],"c":true}]},{"i":{"x":0.833,"y":0.833},"o":{"x":0.167,"y":0.167},"t":12,"s":[{"i":[[0.003,-0.003],[0.895,-10.729],[-0.271,0.211]],"o":[[-0.279,0.223],[0.292,-0.202],[0.9,-20.587]],"v":[[64.525,519.099],[61.343,557.217],[64.025,560.275]],"c":true}]},{"t":20,"s":[{"i":[[0.003,-0.003],[-0.055,-10.829],[-0.271,0.211]],"o":[[-0.279,0.223],[0.292,-0.202],[0.4,-21.687]],"v":[[72.95,511.724],[71.805,566.829],[74.6,566.812]],"c":true}]}],"ix":2},"nm":"Path 2","mn":"ADBE Vector Shape - Group","hd":false},{"ty":"fl","c":{"a":0,"k":[0.455000005984,0.086000001197,0.102000000898,1],"ix":4},"o":{"a":0,"k":100,"ix":5},"r":1,"bm":0,"nm":"Fill 1","mn":"ADBE Vector Graphic - Fill","hd":false},{"ty":"tr","p":{"a":0,"k":[-111.585,-500.362],"ix":2},"a":{"a":0,"k":[0,0],"ix":1},"s":{"a":0,"k":[100,100],"ix":3},"r":{"a":0,"k":0,"ix":6},"o":{"a":0,"k":100,"ix":7},"sk":{"a":0,"k":0,"ix":4},"sa":{"a":0,"k":0,"ix":5},"nm":"Transform"}],"nm":"Group 1","np":2,"cix":2,"bm":0,"ix":1,"mn":"ADBE Vector Group","hd":false}],"ip":10,"op":21,"st":0,"bm":0},{"ddd":0,"ind":2,"ty":4,"nm":"Shape Layer 1","parent":5,"sr":1,"ks":{"o":{"a":0,"k":100,"ix":11},"r":{"a":0,"k":0,"ix":10},"p":{"a":0,"k":[71.127,44.418,0],"ix":2},"a":{"a":0,"k":[17.312,20.225,0],"ix":1},"s":{"a":0,"k":[100,100,100],"ix":6}},"ao":0,"shapes":[{"ty":"gr","it":[{"ind":0,"ty":"sh","ix":1,"ks":{"a":1,"k":[{"i":{"x":0.833,"y":0.833},"o":{"x":0.167,"y":0.167},"t":0,"s":[{"i":[[0.003,-0.003],[-15.39,-19.931],[-0.271,0.211]],"o":[[-0.279,0.223],[0.292,-0.202],[-15.807,-19.312]],"v":[[116.7,505.474],[139.368,535.704],[141.1,534.437]],"c":true}]},{"i":{"x":0.833,"y":0.833},"o":{"x":0.167,"y":0.167},"t":8,"s":[{"i":[[0.003,-0.003],[-10.655,-12.866],[-0.271,0.211]],"o":[[-0.279,0.223],[0.292,-0.202],[-9.275,-11.812]],"v":[[125.65,494.037],[141.968,515.554],[142.212,513.5]],"c":true}]},{"t":10,"s":[{"i":[[0.003,-0.003],[-11.368,-11.142],[-0.271,0.211]],"o":[[-0.279,0.223],[0.292,-0.202],[-9.1,-9.312]],"v":[[126.638,492.974],[142.618,510.517],[142.412,509.437]],"c":true}]}],"ix":2},"nm":"Path 2","mn":"ADBE Vector Shape - Group","hd":false},{"ty":"fl","c":{"a":0,"k":[0.455000005984,0.086000001197,0.102000000898,1],"ix":4},"o":{"a":0,"k":100,"ix":5},"r":1,"bm":0,"nm":"Fill 1","mn":"ADBE Vector Graphic - Fill","hd":false},{"ty":"tr","p":{"a":0,"k":[-111.585,-500.362],"ix":2},"a":{"a":0,"k":[0,0],"ix":1},"s":{"a":0,"k":[100,100],"ix":3},"r":{"a":0,"k":0,"ix":6},"o":{"a":0,"k":100,"ix":7},"sk":{"a":0,"k":0,"ix":4},"sa":{"a":0,"k":0,"ix":5},"nm":"Transform"}],"nm":"Group 1","np":2,"cix":2,"bm":0,"ix":1,"mn":"ADBE Vector Group","hd":false}],"ip":0,"op":10,"st":0,"bm":0},{"ddd":0,"ind":3,"ty":4,"nm":"Shape Layer 2","parent":5,"sr":1,"ks":{"o":{"a":0,"k":100,"ix":11},"r":{"a":0,"k":0,"ix":10},"p":{"a":0,"k":[50.378,52.433,0],"ix":2},"a":{"a":0,"k":[15.224,30.039,0],"ix":1},"s":{"a":0,"k":[100,100,100],"ix":6}},"ao":0,"shapes":[{"ty":"gr","it":[{"ind":0,"ty":"sh","ix":1,"ks":{"a":1,"k":[{"i":{"x":0.833,"y":0.833},"o":{"x":0.167,"y":0.167},"t":0,"s":[{"i":[[0.001,0],[-12.774,-33.131],[-0.496,0.388]],"o":[[-0.282,0.112],[0.494,-0.39],[-13.157,-32.462]],"v":[[98.041,503.671],[116.778,553.534],[118.264,552.365]],"c":true}]},{"i":{"x":0.833,"y":0.833},"o":{"x":0.167,"y":0.167},"t":10,"s":[{"i":[[0.001,0],[-12.966,-22.284],[-0.496,0.388]],"o":[[-0.282,0.112],[-0.591,-1.909],[-11.889,-20.302]],"v":[[107.666,504.858],[131.966,548.346],[132.514,544.49]],"c":true}]},{"t":20,"s":[{"i":[[0.001,0],[-12.528,-15.909],[-0.496,0.388]],"o":[[-0.282,0.112],[0.494,-0.39],[-11.014,-13.49]],"v":[[117.291,506.046],[139.278,535.659],[141.014,534.115]],"c":true}]}],"ix":2},"nm":"Path 2","mn":"ADBE Vector Shape - Group","hd":false},{"ty":"fl","c":{"a":0,"k":[0.455000005984,0.086000001197,0.102000000898,1],"ix":4},"o":{"a":0,"k":100,"ix":5},"r":1,"bm":0,"nm":"Fill 1","mn":"ADBE Vector Graphic - Fill","hd":false},{"ty":"tr","p":{"a":0,"k":[-92.924,-498.563],"ix":2},"a":{"a":0,"k":[0,0],"ix":1},"s":{"a":0,"k":[100,100],"ix":3},"r":{"a":0,"k":0,"ix":6},"o":{"a":0,"k":100,"ix":7},"sk":{"a":0,"k":0,"ix":4},"sa":{"a":0,"k":0,"ix":5},"nm":"Transform"}],"nm":"Group 1","np":2,"cix":2,"bm":0,"ix":1,"mn":"ADBE Vector Group","hd":false}],"ip":0,"op":21,"st":0,"bm":0},{"ddd":0,"ind":4,"ty":4,"nm":"Shape Layer 3","parent":5,"sr":1,"ks":{"o":{"a":0,"k":100,"ix":11},"r":{"a":0,"k":0,"ix":10},"p":{"a":0,"k":[15.431,62.972,0],"ix":2},"a":{"a":0,"k":[6.512,32.743,0],"ix":1},"s":{"a":0,"k":[100,100,100],"ix":6}},"ao":0,"shapes":[{"ty":"gr","it":[{"ind":0,"ty":"sh","ix":1,"ks":{"a":1,"k":[{"i":{"x":0.833,"y":0.833},"o":{"x":0.167,"y":0.167},"t":0,"s":[{"i":[[0.518,-36.85],[-0.936,0.172],[0.467,0]],"o":[[0.936,-0.172],[-0.415,-36.501],[-0.468,-0.002]],"v":[[71.797,566.776],[74.605,566.259],[73.278,511.506]],"c":true}]},{"i":{"x":0.833,"y":0.833},"o":{"x":0.167,"y":0.167},"t":10,"s":[{"i":[[-5.296,-32.844],[-1.199,0.116],[0.467,0]],"o":[[0.882,-0.318],[-6.135,-33.193],[-0.468,-0.002]],"v":[[94.703,562.995],[98.074,562.134],[85.903,508.162]],"c":true}]},{"t":20,"s":[{"i":[[-11.109,-28.839],[-0.792,0.616],[0.467,0]],"o":[[0.828,-0.464],[-11.855,-29.884],[-0.468,-0.002]],"v":[[116.484,553.589],[118.667,552.009],[98.528,504.818]],"c":true}]}],"ix":2},"nm":"Path 2","mn":"ADBE Vector Shape - Group","hd":false},{"ty":"fl","c":{"a":0,"k":[0.455000005984,0.086000001197,0.102000000898,1],"ix":4},"o":{"a":0,"k":100,"ix":5},"r":1,"bm":0,"nm":"Fill 1","mn":"ADBE Vector Graphic - Fill","hd":false},{"ty":"tr","p":{"a":0,"k":[-66.689,-506.398],"ix":2},"a":{"a":0,"k":[0,0],"ix":1},"s":{"a":0,"k":[100,100],"ix":3},"r":{"a":0,"k":0,"ix":6},"o":{"a":0,"k":100,"ix":7},"sk":{"a":0,"k":0,"ix":4},"sa":{"a":0,"k":0,"ix":5},"nm":"Transform"}],"nm":"Group 1","np":2,"cix":2,"bm":0,"ix":1,"mn":"ADBE Vector Group","hd":false}],"ip":0,"op":21,"st":0,"bm":0},{"ddd":0,"ind":5,"ty":4,"nm":"Shape Layer 5","sr":1,"ks":{"o":{"a":0,"k":100,"ix":11},"r":{"a":0,"k":0,"ix":10},"p":{"a":0,"k":[652.868,1143.454,0],"ix":2},"a":{"a":0,"k":[32.598,17.285,0],"ix":1},"s":{"a":0,"k":[100,100,100],"ix":6}},"ao":0,"shapes":[{"ty":"gr","it":[{"ind":0,"ty":"sh","ix":1,"ks":{"a":0,"k":{"i":[[17.789,-6.627],[-0.074,-1.49],[-18.252,7.018],[0,0]],"o":[[0.074,1.49],[18.252,-7.02],[0,0],[-17.789,6.628]],"v":[[62.877,501.161],[63.101,505.632],[117.857,484.577],[116.243,481.277]],"c":true},"ix":2},"nm":"Path 2","mn":"ADBE Vector Shape - Group","hd":false},{"ty":"fl","c":{"a":0,"k":[0.277999997606,0.172999991623,0.071000005685,1],"ix":4},"o":{"a":0,"k":100,"ix":5},"r":1,"bm":0,"nm":"Fill 1","mn":"ADBE Vector Graphic - Fill","hd":false},{"ty":"tr","p":{"a":0,"k":[-57.77,-476.169],"ix":2},"a":{"a":0,"k":[0,0],"ix":1},"s":{"a":0,"k":[100,100],"ix":3},"r":{"a":0,"k":0,"ix":6},"o":{"a":0,"k":100,"ix":7},"sk":{"a":0,"k":0,"ix":4},"sa":{"a":0,"k":0,"ix":5},"nm":"Transform"}],"nm":"Group 1","np":2,"cix":2,"bm":0,"ix":1,"mn":"ADBE Vector Group","hd":false}],"ip":0,"op":21,"st":0,"bm":0},{"ddd":0,"ind":6,"ty":4,"nm":"Shape Layer 6","parent":5,"sr":1,"ks":{"o":{"a":0,"k":100,"ix":11},"r":{"a":0,"k":0,"ix":10},"p":{"a":0,"k":[41.762,48.523,0],"ix":2},"a":{"a":0,"k":[51.043,47.385,0],"ix":1},"s":{"a":0,"k":[100,100,100],"ix":6}},"ao":0,"shapes":[{"ty":"gr","it":[{"ind":0,"ty":"sh","ix":1,"ks":{"a":1,"k":[{"i":{"x":0.833,"y":0.833},"o":{"x":0.167,"y":0.167},"t":0,"s":[{"i":[[17.275,-6.219],[2.877,-16.953],[0.402,-2.371],[0.233,-1.371],[-2.831,-0.526],[-2.969,-1.264],[-7.635,0.43],[-2.752,0.081],[-6.853,6.003],[-3.475,2.759],[-4.712,3.87],[-4.125,4.186],[-2.202,1.151],[9.833,16.466]],"o":[[-2.879,16.953],[-0.402,2.371],[-0.233,1.371],[1.008,-0.88],[2.06,0.383],[4.024,1.713],[2.899,-0.163],[2.85,-0.084],[3.293,-2.884],[5.207,-4.134],[3.456,-2.838],[3.244,-3.29],[0,0],[-17.275,6.22]],"v":[[64.139,501.079],[55.504,551.938],[54.297,559.051],[53.599,563.163],[60.565,560.617],[67.969,566.139],[82.228,565.161],[92.638,566.124],[111.359,559.77],[117.059,553.3],[129.706,546.891],[136.727,538.26],[145.466,531.817],[115.962,482.416]],"c":true}]},{"i":{"x":0.833,"y":0.833},"o":{"x":0.167,"y":0.167},"t":10,"s":[{"i":[[17.275,-6.219],[0.206,-8.075],[-0.002,-0.197],[-2.633,0.848],[-2.831,-0.526],[-5.344,-0.076],[-7.635,0.43],[-10.576,2.376],[-2.859,5.792],[-3.475,2.759],[-4.712,3.87],[0.997,5.792],[2.534,2.37],[14.038,12.584]],"o":[[-2.206,16.709],[-0.029,1.129],[0.016,1.637],[4.776,-1.538],[2.06,0.383],[4.373,0.063],[2.899,-0.163],[4.404,-0.989],[1.937,-3.925],[5.207,-4.134],[3.456,-2.838],[-0.852,-4.948],[0,0],[-17.275,6.22]],"v":[[64.139,501.079],[60.712,555.39],[60.672,557.425],[67.474,562.663],[75.815,559.93],[87.156,565.076],[103.166,562.224],[121.326,562.249],[131.859,550.583],[134.997,538.8],[147.706,530.828],[144.477,516.823],[139.591,505.88],[115.962,482.416]],"c":true}]},{"t":20,"s":[{"i":[[17.275,-6.219],[1.33,-10.687],[-6.609,-1.8],[-2.766,0.018],[-6.049,0.34],[-4.354,3.1],[-4.416,3.089],[-7.888,7.751],[-3.047,2.355],[-0.997,0.513],[0.857,1.234],[1.833,2.706],[2.409,3.995],[8.226,14.146]],"o":[[-1.879,14.234],[8.767,-4.624],[3.738,1.018],[5.714,-0.038],[4.31,-0.242],[3.531,-2.514],[2.379,-1.664],[3.22,-3.164],[4.048,-3.129],[-2.934,-4.862],[-2.55,-3.674],[-3.352,-4.948],[0,0],[-17.275,6.22]],"v":[[64.139,501.079],[53.983,562.374],[69.984,566.925],[81.724,565.038],[95.878,566.055],[109.781,561.576],[118.666,552.349],[131.263,544.937],[139.234,535.958],[145.559,531.612],[140.518,523.266],[135.727,515.448],[127.841,502.567],[115.962,482.416]],"c":true}]}],"ix":2},"nm":"Path 2","mn":"ADBE Vector Shape - Group","hd":false},{"ty":"fl","c":{"a":0,"k":[0.917999985639,0.286000001197,0.286000001197,1],"ix":4},"o":{"a":0,"k":100,"ix":5},"r":1,"bm":0,"nm":"Fill 1","mn":"ADBE Vector Graphic - Fill","hd":false},{"ty":"tr","p":{"a":0,"k":[-48.49,-477.307],"ix":2},"a":{"a":0,"k":[0,0],"ix":1},"s":{"a":0,"k":[100,100],"ix":3},"r":{"a":0,"k":0,"ix":6},"o":{"a":0,"k":100,"ix":7},"sk":{"a":0,"k":0,"ix":4},"sa":{"a":0,"k":0,"ix":5},"nm":"Transform"}],"nm":"Group 1","np":2,"cix":2,"bm":0,"ix":1,"mn":"ADBE Vector Group","hd":false}],"ip":0,"op":21,"st":0,"bm":0}]}],"layers":[{"ddd":0,"ind":1,"ty":2,"nm":"城堡.png","cl":"png","refId":"image_0","sr":1,"ks":{"o":{"a":0,"k":100,"ix":11},"r":{"a":0,"k":0,"ix":10},"p":{"a":0,"k":[562.5,651,0],"ix":2},"a":{"a":0,"k":[562.5,650,0],"ix":1},"s":{"a":0,"k":[100,100,100],"ix":6}},"ao":0,"ip":0,"op":250,"st":0,"bm":0},{"ddd":0,"ind":2,"ty":4,"nm":"Shape Layer 4","parent":32,"sr":1,"ks":{"o":{"a":0,"k":100,"ix":11},"r":{"a":1,"k":[{"i":{"x":[0.325],"y":[1]},"o":{"x":[0.333],"y":[0]},"t":0,"s":[0]},{"i":{"x":[0.667],"y":[1]},"o":{"x":[0.333],"y":[0]},"t":20,"s":[18]},{"i":{"x":[0.334],"y":[1]},"o":{"x":[0.333],"y":[0]},"t":50,"s":[18]},{"i":{"x":[0.667],"y":[1]},"o":{"x":[0.333],"y":[0]},"t":70,"s":[0]},{"i":{"x":[0.325],"y":[1]},"o":{"x":[0.333],"y":[0]},"t":100,"s":[0]},{"i":{"x":[0.667],"y":[1]},"o":{"x":[0.333],"y":[0]},"t":120,"s":[18]},{"i":{"x":[0.334],"y":[1]},"o":{"x":[0.333],"y":[0]},"t":150,"s":[18]},{"t":170,"s":[0]}],"ix":10},"p":{"a":0,"k":[57.811,34.492,0],"ix":2},"a":{"a":0,"k":[7.288,5.344,0],"ix":1},"s":{"a":0,"k":[100,100,100],"ix":6}},"ao":0,"shapes":[{"ty":"gr","it":[{"ty":"gr","it":[{"ind":0,"ty":"sh","ix":1,"ks":{"a":0,"k":{"i":[[0,0],[0.024,-2.486],[-3.704,-0.033],[-0.025,2.507],[3.704,0.034]],"o":[[-3.662,0],[-0.021,2.506],[3.704,0.034],[0.022,-2.506],[0,0]],"v":[[-0.051,-4.556],[-6.71,-0.077],[-0.04,4.521],[6.708,0.044],[0.04,-4.556]],"c":true},"ix":2},"nm":"Path 4","mn":"ADBE Vector Shape - Group","hd":false},{"ty":"tr","p":{"a":0,"k":[0,0],"ix":2},"a":{"a":0,"k":[0,0],"ix":1},"s":{"a":0,"k":[100,100],"ix":3},"r":{"a":0,"k":0,"ix":6},"o":{"a":0,"k":100,"ix":7},"sk":{"a":0,"k":0,"ix":4},"sa":{"a":0,"k":0,"ix":5},"nm":"Transform"}],"nm":"Group 1","np":1,"cix":2,"bm":0,"ix":1,"mn":"ADBE Vector Group","hd":false},{"ty":"fl","c":{"a":0,"k":[1,0.792156862745,0.223529411765,1],"ix":4},"o":{"a":0,"k":100,"ix":5},"r":1,"bm":0,"nm":"Fill 1","mn":"ADBE Vector Graphic - Fill","hd":false},{"ty":"tr","p":{"a":0,"k":[7.033,5.341],"ix":2},"a":{"a":0,"k":[0,0],"ix":1},"s":{"a":0,"k":[100,100],"ix":3},"r":{"a":0,"k":0,"ix":6},"o":{"a":0,"k":100,"ix":7},"sk":{"a":0,"k":0,"ix":4},"sa":{"a":0,"k":0,"ix":5},"nm":"Transform"}],"nm":"Group 1","np":2,"cix":2,"bm":0,"ix":1,"mn":"ADBE Vector Group","hd":false}],"ip":0,"op":250,"st":0,"bm":0},{"ddd":0,"ind":3,"ty":0,"nm":"布","parent":2,"refId":"comp_0","sr":1,"ks":{"o":{"a":0,"k":100,"ix":11},"r":{"a":0,"k":0,"ix":10},"p":{"a":0,"k":[-82.997,-483.578,0],"ix":2},"a":{"a":0,"k":[562.5,650,0],"ix":1},"s":{"a":0,"k":[100,100,100],"ix":6}},"ao":0,"w":1125,"h":1300,"ip":180,"op":201,"st":180,"bm":0},{"ddd":0,"ind":4,"ty":0,"nm":"布","parent":2,"refId":"comp_0","sr":1,"ks":{"o":{"a":0,"k":100,"ix":11},"r":{"a":0,"k":0,"ix":10},"p":{"a":0,"k":[-82.997,-483.578,0],"ix":2},"a":{"a":0,"k":[562.5,650,0],"ix":1},"s":{"a":0,"k":[100,100,100],"ix":6}},"ao":0,"w":1125,"h":1300,"ip":160,"op":181,"st":160,"bm":0},{"ddd":0,"ind":5,"ty":0,"nm":"布","parent":2,"refId":"comp_0","sr":1,"ks":{"o":{"a":0,"k":100,"ix":11},"r":{"a":0,"k":0,"ix":10},"p":{"a":0,"k":[-82.997,-483.578,0],"ix":2},"a":{"a":0,"k":[562.5,650,0],"ix":1},"s":{"a":0,"k":[100,100,100],"ix":6}},"ao":0,"w":1125,"h":1300,"ip":140,"op":161,"st":140,"bm":0},{"ddd":0,"ind":6,"ty":0,"nm":"布","parent":2,"refId":"comp_0","sr":1,"ks":{"o":{"a":0,"k":100,"ix":11},"r":{"a":0,"k":0,"ix":10},"p":{"a":0,"k":[-82.997,-483.578,0],"ix":2},"a":{"a":0,"k":[562.5,650,0],"ix":1},"s":{"a":0,"k":[100,100,100],"ix":6}},"ao":0,"w":1125,"h":1300,"ip":120,"op":141,"st":120,"bm":0},{"ddd":0,"ind":7,"ty":0,"nm":"布","parent":2,"refId":"comp_0","sr":1,"ks":{"o":{"a":0,"k":100,"ix":11},"r":{"a":0,"k":0,"ix":10},"p":{"a":0,"k":[-82.997,-483.578,0],"ix":2},"a":{"a":0,"k":[562.5,650,0],"ix":1},"s":{"a":0,"k":[100,100,100],"ix":6}},"ao":0,"w":1125,"h":1300,"ip":100,"op":121,"st":100,"bm":0},{"ddd":0,"ind":8,"ty":0,"nm":"布","parent":2,"refId":"comp_0","sr":1,"ks":{"o":{"a":0,"k":100,"ix":11},"r":{"a":0,"k":0,"ix":10},"p":{"a":0,"k":[-82.997,-483.578,0],"ix":2},"a":{"a":0,"k":[562.5,650,0],"ix":1},"s":{"a":0,"k":[100,100,100],"ix":6}},"ao":0,"w":1125,"h":1300,"ip":80,"op":101,"st":80,"bm":0},{"ddd":0,"ind":9,"ty":0,"nm":"布","parent":2,"refId":"comp_0","sr":1,"ks":{"o":{"a":0,"k":100,"ix":11},"r":{"a":0,"k":0,"ix":10},"p":{"a":0,"k":[-82.997,-483.578,0],"ix":2},"a":{"a":0,"k":[562.5,650,0],"ix":1},"s":{"a":0,"k":[100,100,100],"ix":6}},"ao":0,"w":1125,"h":1300,"ip":60,"op":81,"st":60,"bm":0},{"ddd":0,"ind":10,"ty":0,"nm":"布","parent":2,"refId":"comp_0","sr":1,"ks":{"o":{"a":0,"k":100,"ix":11},"r":{"a":0,"k":0,"ix":10},"p":{"a":0,"k":[-82.997,-483.578,0],"ix":2},"a":{"a":0,"k":[562.5,650,0],"ix":1},"s":{"a":0,"k":[100,100,100],"ix":6}},"ao":0,"w":1125,"h":1300,"ip":40,"op":61,"st":40,"bm":0},{"ddd":0,"ind":11,"ty":0,"nm":"布","parent":2,"refId":"comp_0","sr":1,"ks":{"o":{"a":0,"k":100,"ix":11},"r":{"a":0,"k":0,"ix":10},"p":{"a":0,"k":[-82.997,-483.578,0],"ix":2},"a":{"a":0,"k":[562.5,650,0],"ix":1},"s":{"a":0,"k":[100,100,100],"ix":6}},"ao":0,"w":1125,"h":1300,"ip":20,"op":41,"st":20,"bm":0},{"ddd":0,"ind":12,"ty":0,"nm":"布","parent":2,"refId":"comp_0","sr":1,"ks":{"o":{"a":0,"k":100,"ix":11},"r":{"a":0,"k":0,"ix":10},"p":{"a":0,"k":[-82.997,-483.578,0],"ix":2},"a":{"a":0,"k":[562.5,650,0],"ix":1},"s":{"a":0,"k":[100,100,100],"ix":6}},"ao":0,"w":1125,"h":1300,"ip":0,"op":21,"st":0,"bm":0},{"ddd":0,"ind":13,"ty":4,"nm":"Shape Layer 7","parent":21,"sr":1,"ks":{"o":{"a":0,"k":100,"ix":11},"r":{"a":0,"k":0,"ix":10},"p":{"a":0,"k":[60.034,-2.99,0],"ix":2},"a":{"a":0,"k":[62.914,27.426,0],"ix":1},"s":{"a":0,"k":[100,100,100],"ix":6}},"ao":0,"shapes":[{"ty":"gr","it":[{"ind":0,"ty":"sh","ix":1,"ks":{"a":0,"k":{"i":[[5.105,-10.789],[-0.867,-4.001],[-0.324,-0.607],[-0.002,-0.001],[-0.228,-0.174],[-1.14,3.039],[-12.555,-1.15],[-15.572,-2.975],[-4.855,1.555],[-5.439,-3.518],[-2.675,-7.62],[-0.425,-1.277],[4.813,6.75],[1.584,1.071],[6.345,-2.205],[6.641,2.571],[11.918,6.731],[2.557,0.657],[1.961,0]],"o":[[-0.615,1.3],[0.371,0.896],[0.001,0.002],[0.195,0.232],[0.002,-2.031],[4.47,-11.935],[14.379,1.318],[7.125,1.36],[5.974,-1.914],[3.662,2.369],[0.709,2.02],[0.097,-6.492],[-1.784,-2.504],[-5.343,-3.618],[-5.869,2.041],[-5.306,-2.051],[-5.274,-2.977],[-1.864,-0.476],[-11.694,0]],"v":[[-17.442,333.201],[-19.828,344.081],[-18.759,346.349],[-18.754,346.354],[-18.12,346.961],[-16.727,339.088],[15.443,320.72],[45.207,336.758],[62.748,335.007],[79.068,334.697],[90.992,350.573],[92.637,356.032],[85.549,334.132],[81.29,329.305],[63.733,330.098],[44.947,331.609],[28.321,320.208],[17.852,315.087],[12.095,314.385]],"c":true},"ix":2},"nm":"Path 2","mn":"ADBE Vector Shape - Group","hd":false},{"ty":"fl","c":{"a":0,"k":[1,0.894000004787,0.361000001197,1],"ix":4},"o":{"a":0,"k":100,"ix":5},"r":1,"bm":0,"nm":"Fill 1","mn":"ADBE Vector Graphic - Fill","hd":false},{"ty":"tr","p":{"a":0,"k":[26.761,-307.419],"ix":2},"a":{"a":0,"k":[0,0],"ix":1},"s":{"a":0,"k":[100,100],"ix":3},"r":{"a":0,"k":0,"ix":6},"o":{"a":0,"k":100,"ix":7},"sk":{"a":0,"k":0,"ix":4},"sa":{"a":0,"k":0,"ix":5},"nm":"Transform"}],"nm":"Group 1","np":2,"cix":2,"bm":0,"ix":1,"mn":"ADBE Vector Group","hd":false}],"ip":0,"op":250,"st":0,"bm":0},{"ddd":0,"ind":14,"ty":4,"nm":"Shape Layer 8","parent":13,"sr":1,"ks":{"o":{"a":0,"k":100,"ix":11},"r":{"a":0,"k":0,"ix":10},"p":{"a":0,"k":[63.08,32.465,0],"ix":2},"a":{"a":0,"k":[61.429,30.609,0],"ix":1},"s":{"a":0,"k":[100,100,100],"ix":6}},"ao":0,"shapes":[{"ty":"gr","it":[{"ind":0,"ty":"sh","ix":1,"ks":{"a":0,"k":{"i":[[5.105,-10.789],[-3.148,-3.724],[-10.776,0.894],[-8.604,-0.525],[-5.12,-1.426],[-20.159,-7.109],[-1.965,1.175],[7.926,11.116],[1.584,1.073],[6.345,-2.207],[6.641,2.571],[11.92,6.731],[2.557,0.654],[1.962,0]],"o":[[-0.744,1.574],[2.056,2.431],[5.164,-0.428],[7.954,0.486],[9.536,2.66],[3.302,1.164],[5.448,-3.265],[-1.784,-2.503],[-5.344,-3.62],[-5.869,2.041],[-5.306,-2.052],[-5.272,-2.977],[-1.862,-0.477],[-11.694,0]],"v":[[-17.442,333.201],[-18.754,346.356],[-2.27,346.983],[21.873,346.244],[40.72,349.764],[81.697,364.02],[89.336,364.808],[85.549,334.131],[81.29,329.305],[63.733,330.099],[44.947,331.61],[28.319,320.208],[17.852,315.087],[12.095,314.384]],"c":true},"ix":2},"nm":"Path 2","mn":"ADBE Vector Shape - Group","hd":false},{"ty":"fl","c":{"a":0,"k":[0.204000001795,0.187999994615,0.161000001197,1],"ix":4},"o":{"a":0,"k":100,"ix":5},"r":1,"bm":0,"nm":"Fill 1","mn":"ADBE Vector Graphic - Fill","hd":false},{"ty":"tr","p":{"a":0,"k":[25.11,-309.276],"ix":2},"a":{"a":0,"k":[0,0],"ix":1},"s":{"a":0,"k":[100,100],"ix":3},"r":{"a":0,"k":0,"ix":6},"o":{"a":0,"k":100,"ix":7},"sk":{"a":0,"k":0,"ix":4},"sa":{"a":0,"k":0,"ix":5},"nm":"Transform"}],"nm":"Group 1","np":2,"cix":2,"bm":0,"ix":1,"mn":"ADBE Vector Group","hd":false}],"ip":0,"op":250,"st":0,"bm":0},{"ddd":0,"ind":15,"ty":4,"nm":"Shape Layer 9","parent":13,"sr":1,"ks":{"o":{"a":0,"k":100,"ix":11},"r":{"a":0,"k":0,"ix":10},"p":{"a":0,"k":[74.927,25.231,0],"ix":2},"a":{"a":0,"k":[24.112,15.245,0],"ix":1},"s":{"a":0,"k":[100,100,100],"ix":6}},"ao":0,"shapes":[{"ty":"gr","it":[{"ind":0,"ty":"sh","ix":1,"ks":{"a":0,"k":{"i":[[1.537,-0.912],[-0.096,-5.484],[0,0],[1.791,2.05],[7.388,1.439],[1.566,0]],"o":[[0.093,5.484],[0,0],[-1.79,-2.052],[-1.753,-1.767],[-1.727,-0.336],[-7.097,0]],"v":[[29.161,326.336],[29.443,342.788],[67.169,336.57],[61.798,330.419],[47.986,322.991],[43.037,322.513]],"c":true},"ix":2},"nm":"Path 2","mn":"ADBE Vector Shape - Group","hd":false},{"ty":"fl","c":{"a":0,"k":[0.109999997008,0.102000000898,0.078000005086,1],"ix":4},"o":{"a":0,"k":100,"ix":5},"r":1,"bm":0,"nm":"Fill 1","mn":"ADBE Vector Graphic - Fill","hd":false},{"ty":"tr","p":{"a":0,"k":[-24.054,-317.405],"ix":2},"a":{"a":0,"k":[0,0],"ix":1},"s":{"a":0,"k":[100,100],"ix":3},"r":{"a":0,"k":0,"ix":6},"o":{"a":0,"k":100,"ix":7},"sk":{"a":0,"k":0,"ix":4},"sa":{"a":0,"k":0,"ix":5},"nm":"Transform"}],"nm":"Group 1","np":2,"cix":2,"bm":0,"ix":1,"mn":"ADBE Vector Group","hd":false}],"ip":0,"op":250,"st":0,"bm":0},{"ddd":0,"ind":16,"ty":4,"nm":"Shape Layer 10","parent":21,"sr":1,"ks":{"o":{"a":0,"k":100,"ix":11},"r":{"a":0,"k":0,"ix":10},"p":{"a":0,"k":[79.279,64.677,0],"ix":2},"a":{"a":0,"k":[16.086,11.578,0],"ix":1},"s":{"a":0,"k":[100,100,100],"ix":6}},"ao":0,"shapes":[{"ty":"gr","it":[{"ind":0,"ty":"sh","ix":1,"ks":{"a":0,"k":{"i":[[0.866,-0.221],[0.427,-0.186],[0.369,-0.246],[0.321,-0.255],[0.28,-0.252],[0.384,-0.464],[0.227,-0.365],[0.096,-0.21],[0,0],[-0.155,0.167],[-0.298,0.289],[-1.179,0.737],[-0.335,0.161],[-0.36,0.149],[-0.377,0.143],[-0.402,0.094],[-0.86,-0.06],[0,0],[0,0],[-0.223,-0.055],[0,0],[0,0],[0,0],[0,0],[0,0],[0.013,0.015],[0,0],[0,0],[0,0],[-0.189,-0.105],[0,0],[-0.612,-0.556],[-0.288,-0.283],[-0.249,-0.298],[-0.205,-0.307],[-0.162,-0.306],[-0.22,-0.529],[-0.134,-0.396],[-0.061,-0.217],[0,0],[0.056,0.851],[0.109,0.587],[0.234,0.707],[0.14,0.38],[0.191,0.392],[0.262,0.379],[0.339,0.348],[0.409,0.297],[0.458,0.242],[0.224,0.133],[0.239,0.107],[0,0],[0,0],[0,0],[0.113,0.037],[0,0],[0,0],[0,0],[0,0],[0,0],[0.263,0.043],[0.268,0.026],[0.26,0.004],[0.087,0]],"o":[[-0.462,0.153],[-0.414,0.209],[-0.376,0.225],[-0.334,0.239],[-0.571,0.49],[-0.385,0.464],[-0.226,0.365],[-0.091,0.207],[0,0],[0.147,-0.169],[0.608,-0.571],[0.292,-0.186],[0.323,-0.181],[0.349,-0.172],[0.385,-0.116],[0.817,-0.136],[0,0],[0,0],[0.208,0.036],[0,0],[0,0],[0,0],[0,0],[0,0],[-0.106,-0.032],[0,0],[0,0],[0,0],[0.198,0.089],[0,0],[0.756,0.409],[0.319,0.269],[0.267,0.304],[0.218,0.327],[0.184,0.321],[0.314,0.621],[0.212,0.533],[0.129,0.395],[0.06,0.219],[0,0],[-0.032,-0.425],[-0.107,-0.589],[-0.113,-0.356],[-0.16,-0.373],[-0.225,-0.37],[-0.285,-0.362],[-0.345,-0.341],[-0.393,-0.313],[-0.223,-0.132],[-0.221,-0.134],[0,0],[0,0],[0,0],[0,0],[0,0],[0,0],[0,0],[0,0],[0,0],[-0.243,-0.059],[-0.267,-0.04],[-0.259,-0.006],[-0.087,-0.003],[-0.945,0]],"v":[[51.893,396.437],[50.544,396.921],[49.334,397.537],[48.271,398.234],[47.356,398.978],[45.944,400.445],[45.039,401.709],[44.563,402.584],[44.421,402.901],[44.659,402.645],[45.347,401.957],[48.047,399.885],[48.984,399.354],[50.013,398.866],[51.127,398.451],[52.313,398.144],[54.836,397.967],[55.485,398.001],[56.102,398.103],[56.733,398.203],[57.436,398.391],[57.803,398.467],[58.017,398.48],[58.14,398.416],[58.318,398.275],[58.587,397.97],[58.592,397.978],[58.355,398.299],[58.648,398.839],[59.248,399.092],[59.812,399.404],[61.849,400.898],[62.703,401.781],[63.446,402.71],[64.079,403.66],[64.618,404.593],[65.432,406.322],[65.962,407.721],[66.26,408.648],[66.353,408.982],[66.35,407.644],[66.162,406.113],[65.668,404.155],[65.262,403.061],[64.714,401.926],[64,400.788],[63.107,399.687],[62.029,398.671],[60.771,397.797],[60.061,397.436],[59.271,397.188],[58.385,397.036],[57.968,397.303],[57.941,397.278],[58.218,396.971],[58.522,396.662],[58.478,396.649],[58.306,396.6],[57.957,396.502],[57.262,396.313],[56.47,396.177],[55.667,396.064],[54.888,396.047],[54.628,396.042]],"c":true},"ix":2},"nm":"Path 2","mn":"ADBE Vector Shape - Group","hd":false},{"ty":"fl","c":{"a":0,"k":[0.016000001571,0,0.004000000393,1],"ix":4},"o":{"a":0,"k":100,"ix":5},"r":1,"bm":0,"nm":"Fill 1","mn":"ADBE Vector Graphic - Fill","hd":false},{"ty":"tr","p":{"a":0,"k":[-39.312,-390.934],"ix":2},"a":{"a":0,"k":[0,0],"ix":1},"s":{"a":0,"k":[100,100],"ix":3},"r":{"a":0,"k":0,"ix":6},"o":{"a":0,"k":100,"ix":7},"sk":{"a":0,"k":0,"ix":4},"sa":{"a":0,"k":0,"ix":5},"nm":"Transform"}],"nm":"Group 1","np":2,"cix":2,"bm":0,"ix":1,"mn":"ADBE Vector Group","hd":false}],"ip":0,"op":250,"st":0,"bm":0},{"ddd":0,"ind":17,"ty":4,"nm":"Shape Layer 11","parent":21,"sr":1,"ks":{"o":{"a":0,"k":100,"ix":11},"r":{"a":0,"k":0,"ix":10},"p":{"a":0,"k":[23.664,53.493,0],"ix":2},"a":{"a":0,"k":[16.445,10.535,0],"ix":1},"s":{"a":0,"k":[100,100,100],"ix":6}},"ao":0,"shapes":[{"ty":"gr","it":[{"ind":0,"ty":"sh","ix":1,"ks":{"a":0,"k":{"i":[[0,0],[0,0],[0,0],[0,0],[0.258,-0.045],[0.254,-0.045],[0.482,-0.154],[0.444,-0.195],[0.398,-0.236],[0.346,-0.266],[0.286,-0.291],[0.235,-0.29],[0.312,-0.514],[0.184,-0.386],[0,0],[-0.136,0.181],[-0.265,0.323],[-0.392,0.419],[-0.519,0.462],[-0.289,0.234],[-0.321,0.228],[-0.361,0.188],[-0.393,0.136],[-0.855,0.112],[0,0],[-0.131,0],[-0.087,0.005],[0,0],[0,0],[0,0],[-0.003,0],[0,0],[0,0],[0.01,0],[0.002,0],[0,0],[0,0],[0,0],[0,0],[-0.209,-0.037],[0,0],[0,0],[-0.712,-0.417],[-0.317,-0.244],[-0.263,-0.285],[-0.234,-0.284],[-0.208,-0.278],[-0.359,-0.749],[-0.076,-0.209],[0,0],[0.009,0.226],[0.078,0.42],[0.192,0.569],[0.354,0.661],[0.223,0.341],[0.271,0.345],[0.31,0.343],[0.377,0.308],[0.978,0.336],[0.245,0.088],[0.263,0.058],[0.248,0.035],[0,0],[0,0],[0,0],[0,0],[0,0],[0.001,0]],"o":[[0,0],[0,0],[0,0],[-0.261,0.013],[-0.256,0.045],[-0.518,0.063],[-0.49,0.128],[-0.444,0.205],[-0.382,0.261],[-0.32,0.295],[-0.27,0.303],[-0.479,0.575],[-0.319,0.507],[-0.363,0.773],[0,0],[0.136,-0.181],[0.269,-0.32],[0.401,-0.416],[0.262,-0.229],[0.303,-0.214],[0.343,-0.19],[0.372,-0.16],[0.776,-0.301],[0,0],[0.129,-0.017],[0.087,0],[0,0],[0,0],[0,0],[-0.003,0],[0,0],[0,0],[0.07,0.005],[-0.003,0],[0,0],[0,0],[0,0],[0,0],[0.229,0.028],[0,0],[0,0],[0.826,0.251],[0.339,0.231],[0.299,0.267],[0.279,0.269],[0.254,0.269],[0.828,1.107],[0.17,0.376],[0.083,0.212],[0,0],[-0.013,-0.23],[-0.078,-0.421],[-0.187,-0.571],[-0.17,-0.334],[-0.207,-0.353],[-0.254,-0.359],[-0.33,-0.327],[-0.793,-0.559],[-0.243,-0.085],[-0.258,-0.069],[-0.262,-0.053],[0,0],[0,0],[0,0],[0,0],[0,0],[-0.063,-0.005],[-0.001,0]],"v":[[0.16,385.903],[0.148,385.903],[0.05,385.908],[-0.736,385.933],[-1.517,385.981],[-2.283,386.115],[-3.766,386.509],[-5.135,387.081],[-6.367,387.796],[-7.449,388.606],[-8.373,389.471],[-9.15,390.346],[-10.325,391.998],[-11.061,393.36],[-11.553,394.604],[-11.343,394.326],[-10.728,393.568],[-9.724,392.455],[-8.331,391.133],[-7.489,390.454],[-6.551,389.792],[-5.518,389.191],[-4.4,388.673],[-1.953,388.006],[-1.313,387.915],[-0.923,387.898],[-0.662,387.894],[-0.007,387.878],[0.076,387.876],[0.083,387.876],[0.083,387.876],[0.061,387.874],[0.038,387.872],[0.089,387.876],[0.083,387.876],[0.104,387.878],[0.284,387.898],[0.643,387.932],[1.363,387.995],[1.985,388.119],[2.596,388.244],[3.211,388.441],[5.501,389.505],[6.495,390.213],[7.382,390.999],[8.163,391.821],[8.844,392.65],[10.603,395.545],[10.994,396.432],[11.12,396.756],[11.105,396.409],[10.982,395.424],[10.598,393.923],[9.818,392.05],[9.238,391.031],[8.5,390],[7.597,388.994],[6.514,388.061],[3.865,386.63],[3.132,386.368],[2.344,386.187],[1.553,386.029],[0.836,385.959],[0.475,385.928],[0.297,385.912],[0.252,385.909],[0.23,385.908],[0.15,385.902]],"c":true},"ix":2},"nm":"Path 2","mn":"ADBE Vector Shape - Group","hd":false},{"ty":"fl","c":{"a":0,"k":[0.016000001571,0,0.004000000393,1],"ix":4},"o":{"a":0,"k":100,"ix":5},"r":1,"bm":0,"nm":"Fill 1","mn":"ADBE Vector Graphic - Fill","hd":false},{"ty":"tr","p":{"a":0,"k":[16.662,-380.794],"ix":2},"a":{"a":0,"k":[0,0],"ix":1},"s":{"a":0,"k":[100,100],"ix":3},"r":{"a":0,"k":0,"ix":6},"o":{"a":0,"k":100,"ix":7},"sk":{"a":0,"k":0,"ix":4},"sa":{"a":0,"k":0,"ix":5},"nm":"Transform"}],"nm":"Group 1","np":2,"cix":2,"bm":0,"ix":1,"mn":"ADBE Vector Group","hd":false}],"ip":0,"op":250,"st":0,"bm":0},{"ddd":0,"ind":18,"ty":4,"nm":"Shape Layer 12","parent":21,"sr":1,"ks":{"o":{"a":0,"k":100,"ix":11},"r":{"a":0,"k":0,"ix":10},"p":{"a":0,"k":[36.767,118.635,0],"ix":2},"a":{"a":0,"k":[6.229,5.838,0],"ix":1},"s":{"a":0,"k":[100,100,100],"ix":6}},"ao":0,"shapes":[{"ty":"gr","it":[{"ind":0,"ty":"sh","ix":1,"ks":{"a":0,"k":{"i":[[0.035,-0.366],[-0.618,-0.054],[-0.037,0.4],[0.617,0.054],[0.05,0]],"o":[[-0.037,0.399],[0.618,0.054],[0.038,-0.4],[-0.052,-0.005],[-0.55,0]],"v":[[11.767,456.37],[12.82,457.192],[14.005,456.568],[12.954,455.747],[12.801,455.74]],"c":true},"ix":2},"nm":"Path 2","mn":"ADBE Vector Shape - Group","hd":false},{"ty":"fl","c":{"a":0,"k":[1,1,1,1],"ix":4},"o":{"a":0,"k":100,"ix":5},"r":1,"bm":0,"nm":"Fill 1","mn":"ADBE Vector Graphic - Fill","hd":false},{"ty":"tr","p":{"a":0,"k":[-6.657,-450.632],"ix":2},"a":{"a":0,"k":[0,0],"ix":1},"s":{"a":0,"k":[100,100],"ix":3},"r":{"a":0,"k":0,"ix":6},"o":{"a":0,"k":100,"ix":7},"sk":{"a":0,"k":0,"ix":4},"sa":{"a":0,"k":0,"ix":5},"nm":"Transform"}],"nm":"Group 1","np":2,"cix":2,"bm":0,"ix":1,"mn":"ADBE Vector Group","hd":false}],"ip":0,"op":250,"st":0,"bm":0},{"ddd":0,"ind":19,"ty":4,"nm":"Shape Layer 13","parent":21,"sr":1,"ks":{"o":{"a":0,"k":100,"ix":11},"r":{"a":0,"k":0,"ix":10},"p":{"a":0,"k":[52.326,55.69,0],"ix":2},"a":{"a":0,"k":[73.06,43.928,0],"ix":1},"s":{"a":0,"k":[100,100,100],"ix":6}},"ao":0,"shapes":[{"ty":"gr","it":[{"ind":0,"ty":"sh","ix":1,"ks":{"a":0,"k":{"i":[[2.939,-15.485],[-17.587,-3.261],[-4.909,15.285],[-2.218,-1.653],[-16.215,-3.004],[-3.317,17.478],[17.587,3.261],[3.528,-17.215],[2.459,-0.215],[17.4,3.224],[1.968,0]],"o":[[-3.319,17.474],[16.257,3.012],[2.575,-0.672],[-0.964,15.952],[17.584,3.26],[3.319,-17.473],[-17.427,-3.23],[-2.239,-1.151],[2.975,-17.276],[-2.001,-0.371],[-15.316,0]],"v":[[-38.94,381.034],[-13.066,418.638],[23.862,396.707],[31.541,398.264],[57.922,431.795],[95.83,406.014],[69.956,368.413],[32.142,393.732],[24.939,392.304],[-1.031,355.256],[-6.996,354.706]],"c":true},"ix":2},"nm":"Path 2","mn":"ADBE Vector Shape - Group","hd":false},{"ind":1,"ty":"sh","ix":2,"ks":{"a":0,"k":{"i":[[1.743,0.323],[-2.891,15.221],[-15.318,-2.838],[2.89,-15.222],[13.342,-0.001]],"o":[[-15.318,-2.84],[2.89,-15.222],[15.318,2.841],[-2.562,13.487],[-1.714,0]],"v":[[-12.291,414.552],[-34.829,381.796],[-1.807,359.341],[20.731,392.096],[-7.098,415.031]],"c":true},"ix":2},"nm":"Path 3","mn":"ADBE Vector Shape - Group","hd":false},{"ind":2,"ty":"sh","ix":3,"ks":{"a":0,"k":{"i":[[1.743,0.323],[-2.891,15.22],[-15.316,-2.84],[2.891,-15.22],[13.342,0]],"o":[[-15.316,-2.839],[2.89,-15.221],[15.319,2.84],[-2.561,13.489],[-1.714,0]],"v":[[58.697,427.709],[36.161,394.955],[69.18,372.499],[91.719,405.253],[63.891,428.188]],"c":true},"ix":2},"nm":"Path 4","mn":"ADBE Vector Shape - Group","hd":false},{"ty":"fl","c":{"a":0,"k":[0.016000001571,0,0.004000000393,1],"ix":4},"o":{"a":0,"k":100,"ix":5},"r":1,"bm":0,"nm":"Fill 1","mn":"ADBE Vector Graphic - Fill","hd":false},{"ty":"tr","p":{"a":0,"k":[44.615,-349.598],"ix":2},"a":{"a":0,"k":[0,0],"ix":1},"s":{"a":0,"k":[100,100],"ix":3},"r":{"a":0,"k":0,"ix":6},"o":{"a":0,"k":100,"ix":7},"sk":{"a":0,"k":0,"ix":4},"sa":{"a":0,"k":0,"ix":5},"nm":"Transform"}],"nm":"Group 1","np":4,"cix":2,"bm":0,"ix":1,"mn":"ADBE Vector Group","hd":false}],"ip":0,"op":250,"st":0,"bm":0},{"ddd":0,"ind":20,"ty":4,"nm":"Shape Layer 14","parent":21,"sr":1,"ks":{"o":{"a":0,"k":100,"ix":11},"r":{"a":0,"k":0,"ix":10},"p":{"a":0,"k":[39.941,121.72,0],"ix":2},"a":{"a":0,"k":[11.815,9.548,0],"ix":1},"s":{"a":0,"k":[100,100,100],"ix":6}},"ao":0,"shapes":[{"ty":"gr","it":[{"ind":0,"ty":"sh","ix":1,"ks":{"a":0,"k":{"i":[[-1.594,-1.939],[0,0],[-2.42,1.362],[0,0],[2.673,0.495],[0,0],[0.185,0]],"o":[[0,0],[1.757,2.138],[0,0],[2.368,-1.333],[0,0],[-0.193,-0.036],[-2.355,0]],"v":[[10.019,459.853],[11.716,461.915],[18.946,463.256],[21.283,461.941],[20.39,456.572],[12.821,455.169],[12.254,455.116]],"c":true},"ix":2},"nm":"Path 2","mn":"ADBE Vector Shape - Group","hd":false},{"ty":"fl","c":{"a":0,"k":[0.016000001571,0,0.004000000393,1],"ix":4},"o":{"a":0,"k":100,"ix":5},"r":1,"bm":0,"nm":"Fill 1","mn":"ADBE Vector Graphic - Fill","hd":false},{"ty":"tr","p":{"a":0,"k":[-4.245,-450.008],"ix":2},"a":{"a":0,"k":[0,0],"ix":1},"s":{"a":0,"k":[100,100],"ix":3},"r":{"a":0,"k":0,"ix":6},"o":{"a":0,"k":100,"ix":7},"sk":{"a":0,"k":0,"ix":4},"sa":{"a":0,"k":0,"ix":5},"nm":"Transform"}],"nm":"Group 1","np":2,"cix":2,"bm":0,"ix":1,"mn":"ADBE Vector Group","hd":false}],"ip":0,"op":250,"st":0,"bm":0},{"ddd":0,"ind":21,"ty":4,"nm":"Shape Layer 15","sr":1,"ks":{"o":{"a":0,"k":100,"ix":11},"r":{"a":1,"k":[{"i":{"x":[0.325],"y":[1]},"o":{"x":[0.333],"y":[0]},"t":0,"s":[0]},{"i":{"x":[0.667],"y":[1]},"o":{"x":[0.333],"y":[0]},"t":20,"s":[-11]},{"i":{"x":[0.334],"y":[1]},"o":{"x":[0.333],"y":[0]},"t":50,"s":[-11]},{"i":{"x":[0.667],"y":[1]},"o":{"x":[0.333],"y":[0]},"t":70,"s":[0]},{"i":{"x":[0.325],"y":[1]},"o":{"x":[0.333],"y":[0]},"t":100,"s":[0]},{"i":{"x":[0.667],"y":[1]},"o":{"x":[0.333],"y":[0]},"t":120,"s":[-11]},{"i":{"x":[0.334],"y":[1]},"o":{"x":[0.333],"y":[0]},"t":150,"s":[-11]},{"t":170,"s":[0]}],"ix":10},"p":{"a":0,"k":[575.388,1125.735,0],"ix":2},"a":{"a":0,"k":[36.769,137.9,0],"ix":1},"s":{"a":0,"k":[100,100,100],"ix":6}},"ao":0,"shapes":[{"ty":"gr","it":[{"ty":"gr","it":[{"ind":0,"ty":"sh","ix":1,"ks":{"a":0,"k":{"i":[[0.558,-12.402],[0,0],[-16.491,-3.056],[0,0],[-6.668,15.223],[0,0],[13.762,2.551],[0,0],[1.395,0]],"o":[[0,0],[0.527,16.663],[0,0],[16.414,3.043],[0,0],[4.601,-13.15],[0,0],[-1.428,-0.264],[-12.004,0]],"v":[[-58.901,-49.334],[-56.306,32.68],[-27.174,66.435],[-18.2,68.099],[21.253,47.274],[54.3,-28.211],[36.899,-58.025],[-31.75,-70.749],[-35.993,-71.142]],"c":true},"ix":2},"nm":"Path 4","mn":"ADBE Vector Shape - Group","hd":false},{"ty":"tr","p":{"a":0,"k":[0,0],"ix":2},"a":{"a":0,"k":[0,0],"ix":1},"s":{"a":0,"k":[100,100],"ix":3},"r":{"a":0,"k":0,"ix":6},"o":{"a":0,"k":100,"ix":7},"sk":{"a":0,"k":0,"ix":4},"sa":{"a":0,"k":0,"ix":5},"nm":"Transform"}],"nm":"Group 1","np":1,"cix":2,"bm":0,"ix":1,"mn":"ADBE Vector Group","hd":false},{"ty":"fl","c":{"a":0,"k":[1,0.807843137255,0.254901960784,1],"ix":4},"o":{"a":0,"k":100,"ix":5},"r":1,"bm":0,"nm":"Fill 1","mn":"ADBE Vector Graphic - Fill","hd":false},{"ty":"tr","p":{"a":0,"k":[58.926,71.766],"ix":2},"a":{"a":0,"k":[0,0],"ix":1},"s":{"a":0,"k":[100,100],"ix":3},"r":{"a":0,"k":0,"ix":6},"o":{"a":0,"k":100,"ix":7},"sk":{"a":0,"k":0,"ix":4},"sa":{"a":0,"k":0,"ix":5},"nm":"Transform"}],"nm":"Group 1","np":2,"cix":2,"bm":0,"ix":1,"mn":"ADBE Vector Group","hd":false}],"ip":0,"op":250,"st":0,"bm":0},{"ddd":0,"ind":22,"ty":4,"nm":"Shape Layer 16","parent":21,"sr":1,"ks":{"o":{"a":0,"k":100,"ix":11},"r":{"a":0,"k":0,"ix":10},"p":{"a":0,"k":[11.552,-23.892,0],"ix":2},"a":{"a":0,"k":[30.916,38.428,0],"ix":1},"s":{"a":0,"k":[100,100,100],"ix":6}},"ao":0,"shapes":[{"ty":"gr","it":[{"ind":0,"ty":"sh","ix":1,"ks":{"a":0,"k":{"i":[[0.094,-1.736],[-1.777,-6.825],[0.257,4.492],[1.648,0.111],[0,0],[-0.103,-1.942],[-15.719,-8.804],[-3.563,-3.585],[-0.437,-0.125],[0,0],[-2.492,46.06],[1.758,0.145],[0.092,0]],"o":[[-0.5,9.326],[-6.288,-7.205],[-0.094,-1.639],[0,0],[-1.953,-0.131],[0.381,7.201],[3.078,6.236],[9.791,9.847],[0,0],[-1.475,-0.433],[0.094,-1.749],[-0.094,-0.009],[-1.715,0]],"v":[[-25.899,283.695],[-23.702,307.844],[-31.597,287.219],[-34.632,284.152],[-34.643,284.152],[-38.132,287.553],[-19.35,319.61],[-8.956,334.226],[11.64,347.263],[13.479,341.035],[-19.377,284.043],[-22.352,280.635],[-22.632,280.623]],"c":true},"ix":2},"nm":"Path 2","mn":"ADBE Vector Shape - Group","hd":false},{"ty":"fl","c":{"a":0,"k":[0.423999980852,0.195999998205,0.102000000898,1],"ix":4},"o":{"a":0,"k":100,"ix":5},"r":1,"bm":0,"nm":"Fill 1","mn":"ADBE Vector Graphic - Fill","hd":false},{"ty":"tr","p":{"a":0,"k":[43.245,-275.515],"ix":2},"a":{"a":0,"k":[0,0],"ix":1},"s":{"a":0,"k":[100,100],"ix":3},"r":{"a":0,"k":0,"ix":6},"o":{"a":0,"k":100,"ix":7},"sk":{"a":0,"k":0,"ix":4},"sa":{"a":0,"k":0,"ix":5},"nm":"Transform"}],"nm":"Group 1","np":2,"cix":2,"bm":0,"ix":1,"mn":"ADBE Vector Group","hd":false}],"ip":0,"op":250,"st":0,"bm":0},{"ddd":0,"ind":23,"ty":4,"nm":"Shape Layer 17","parent":21,"sr":1,"ks":{"o":{"a":0,"k":100,"ix":11},"r":{"a":0,"k":0,"ix":10},"p":{"a":0,"k":[119.036,-6.483,0],"ix":2},"a":{"a":0,"k":[39.618,30.171,0],"ix":1},"s":{"a":0,"k":[100,100,100],"ix":6}},"ao":0,"shapes":[{"ty":"gr","it":[{"ind":0,"ty":"sh","ix":1,"ks":{"a":0,"k":{"i":[[0.456,-1.361],[0.374,0.032],[0,0],[-12.74,5.669],[-5.094,4.61],[-3.029,6.655],[1.866,0.578],[0.676,-1.493],[9.119,-4.374],[-3.048,9.14],[1.767,0.513],[0,0],[0.302,0]],"o":[[-14.672,44.013],[0,0],[0.453,0.039],[4.578,-2.038],[18.319,-2.332],[0.807,-1.772],[-1.57,-0.486],[-1.92,4.24],[4.307,-5.81],[0.58,-1.737],[0,0],[-0.304,-0.088],[-1.377,0]],"v":[[112.747,308.527],[61.226,349.885],[60.645,356.348],[84.625,351.572],[99.478,341.85],[129.375,318.599],[127.373,314.183],[123.431,315.936],[107.67,332.776],[118.954,310.543],[116.772,306.421],[116.767,306.419],[115.855,306.288]],"c":true},"ix":2},"nm":"Path 2","mn":"ADBE Vector Shape - Group","hd":false},{"ty":"fl","c":{"a":0,"k":[0.423999980852,0.195999998205,0.102000000898,1],"ix":4},"o":{"a":0,"k":100,"ix":5},"r":1,"bm":0,"nm":"Fill 1","mn":"ADBE Vector Graphic - Fill","hd":false},{"ty":"tr","p":{"a":0,"k":[-55.536,-301.18],"ix":2},"a":{"a":0,"k":[0,0],"ix":1},"s":{"a":0,"k":[100,100],"ix":3},"r":{"a":0,"k":0,"ix":6},"o":{"a":0,"k":100,"ix":7},"sk":{"a":0,"k":0,"ix":4},"sa":{"a":0,"k":0,"ix":5},"nm":"Transform"}],"nm":"Group 1","np":2,"cix":2,"bm":0,"ix":1,"mn":"ADBE Vector Group","hd":false}],"ip":0,"op":250,"st":0,"bm":0},{"ddd":0,"ind":24,"ty":4,"nm":"Shape Layer 18","parent":21,"sr":1,"ks":{"o":{"a":0,"k":100,"ix":11},"r":{"a":0,"k":0,"ix":10},"p":{"a":0,"k":[41.209,129.13,0],"ix":2},"a":{"a":0,"k":[41.172,18.11,0],"ix":1},"s":{"a":0,"k":[100,100,100],"ix":6}},"ao":0,"shapes":[{"ty":"gr","it":[{"ind":0,"ty":"sh","ix":1,"ks":{"a":0,"k":{"i":[[-1.497,-2.581],[-4.596,-1.403],[-12.722,7.29],[-1.686,3.422],[24.041,2.309]],"o":[[6.622,11.423],[6.086,1.859],[7.973,-4.57],[-24.042,-2.307],[0.501,1.679]],"v":[[-15.881,460.584],[7.56,477.142],[39.718,475.788],[53.392,460.886],[-18.736,453.962]],"c":true},"ix":2},"nm":"Path 2","mn":"ADBE Vector Shape - Group","hd":false},{"ty":"fl","c":{"a":0,"k":[0.757000014361,0.490000017952,0.102000000898,1],"ix":4},"o":{"a":0,"k":100,"ix":5},"r":1,"bm":0,"nm":"Fill 1","mn":"ADBE Vector Graphic - Fill","hd":false},{"ty":"tr","p":{"a":0,"k":[23.844,-448.854],"ix":2},"a":{"a":0,"k":[0,0],"ix":1},"s":{"a":0,"k":[100,100],"ix":3},"r":{"a":0,"k":0,"ix":6},"o":{"a":0,"k":100,"ix":7},"sk":{"a":0,"k":0,"ix":4},"sa":{"a":0,"k":0,"ix":5},"nm":"Transform"}],"nm":"Group 1","np":2,"cix":2,"bm":0,"ix":1,"mn":"ADBE Vector Group","hd":false}],"ip":0,"op":250,"st":0,"bm":0},{"ddd":0,"ind":25,"ty":4,"nm":"Shape Layer 19","sr":1,"ks":{"o":{"a":0,"k":100,"ix":11},"r":{"a":0,"k":0,"ix":10},"p":{"a":0,"k":[574.792,1164.369,0],"ix":2},"a":{"a":0,"k":[35.199,35.399,0],"ix":1},"s":{"a":0,"k":[100,100,100],"ix":6}},"ao":0,"shapes":[{"ty":"gr","it":[{"ind":0,"ty":"sh","ix":1,"ks":{"a":0,"k":{"i":[[0.995,-15.999],[-19.991,-1.145],[-1.029,16.541],[16.58,0.95],[0.538,0]],"o":[[-1.027,16.54],[20.065,1.15],[1.026,-16.54],[-0.542,-0.032],[-15.915,0]],"v":[[-17.725,513.498],[10.927,544.584],[42.323,516.94],[14.684,484.124],[13.062,484.077]],"c":true},"ix":2},"nm":"Path 2","mn":"ADBE Vector Shape - Group","hd":false},{"ty":"fl","c":{"a":0,"k":[1,0.948999980852,0.889999988032,1],"ix":4},"o":{"a":0,"k":100,"ix":5},"r":1,"bm":0,"nm":"Fill 1","mn":"ADBE Vector Graphic - Fill","hd":false},{"ty":"tr","p":{"a":0,"k":[22.907,-478.97],"ix":2},"a":{"a":0,"k":[0,0],"ix":1},"s":{"a":0,"k":[100,100],"ix":3},"r":{"a":0,"k":0,"ix":6},"o":{"a":0,"k":100,"ix":7},"sk":{"a":0,"k":0,"ix":4},"sa":{"a":0,"k":0,"ix":5},"nm":"Transform"}],"nm":"Group 1","np":2,"cix":2,"bm":0,"ix":1,"mn":"ADBE Vector Group","hd":false}],"ip":0,"op":250,"st":0,"bm":0},{"ddd":0,"ind":26,"ty":4,"nm":"Shape Layer 20","sr":1,"ks":{"o":{"a":0,"k":100,"ix":11},"r":{"a":0,"k":0,"ix":10},"p":{"a":0,"k":[575.693,1166.174,0],"ix":2},"a":{"a":0,"k":[35.198,35.399,0],"ix":1},"s":{"a":0,"k":[100,100,100],"ix":6}},"ao":0,"shapes":[{"ty":"gr","it":[{"ind":0,"ty":"sh","ix":1,"ks":{"a":0,"k":{"i":[[0.995,-15.999],[-19.99,-1.145],[-1.027,16.54],[16.58,0.95],[0.538,0]],"o":[[-1.028,16.541],[20.065,1.151],[1.028,-16.54],[-0.542,-0.032],[-15.916,-0.001]],"v":[[-16.823,515.303],[11.828,546.39],[43.223,518.747],[15.586,485.93],[13.965,485.883]],"c":true},"ix":2},"nm":"Path 2","mn":"ADBE Vector Shape - Group","hd":false},{"ty":"fl","c":{"a":0,"k":[0.898000021542,0.885999971278,0.875,1],"ix":4},"o":{"a":0,"k":100,"ix":5},"r":1,"bm":0,"nm":"Fill 1","mn":"ADBE Vector Graphic - Fill","hd":false},{"ty":"tr","p":{"a":0,"k":[22.005,-480.775],"ix":2},"a":{"a":0,"k":[0,0],"ix":1},"s":{"a":0,"k":[100,100],"ix":3},"r":{"a":0,"k":0,"ix":6},"o":{"a":0,"k":100,"ix":7},"sk":{"a":0,"k":0,"ix":4},"sa":{"a":0,"k":0,"ix":5},"nm":"Transform"}],"nm":"Group 1","np":2,"cix":2,"bm":0,"ix":1,"mn":"ADBE Vector Group","hd":false}],"ip":0,"op":250,"st":0,"bm":0},{"ddd":0,"ind":27,"ty":4,"nm":"Shape Layer 21","sr":1,"ks":{"o":{"a":0,"k":100,"ix":11},"r":{"a":0,"k":0,"ix":10},"p":{"a":0,"k":[578.455,1125.805,0],"ix":2},"a":{"a":0,"k":[48.582,77.73,0],"ix":1},"s":{"a":0,"k":[100,100,100],"ix":6}},"ao":0,"shapes":[{"ty":"gr","it":[{"ind":0,"ty":"sh","ix":1,"ks":{"a":0,"k":{"i":[[-1.752,-37.855],[-15.986,-1.738],[0,0],[0,0],[0,0],[0,0],[-6.414,37.308],[0,0],[0,0],[0,0],[0,0],[0,0],[0,0],[0,0]],"o":[[1.746,37.773],[0,0],[0,0],[0,0],[0,0],[17.07,0.435],[6.426,-37.385],[0,0],[0,0],[0,0],[0,0],[0,0],[0,0],[0,0]],"v":[[-30.162,504.507],[11.886,552.238],[11.891,552.235],[11.903,552.213],[11.923,552.194],[11.929,552.19],[57.838,509.524],[32.969,399.87],[19.93,398.623],[19.93,398.62],[19.876,398.618],[19.825,398.615],[19.825,398.618],[6.725,398.367]],"c":true},"ix":2},"nm":"Path 4","mn":"ADBE Vector Shape - Group","hd":false},{"ty":"fl","c":{"a":0,"k":[1,0.83137254902,0.309803921569,1],"ix":4},"o":{"a":0,"k":100,"ix":5},"r":1,"bm":0,"nm":"Fill 1","mn":"ADBE Vector Graphic - Fill","hd":false},{"ty":"tr","p":{"a":0,"k":[32.626,-398.075],"ix":2},"a":{"a":0,"k":[0,0],"ix":1},"s":{"a":0,"k":[100,100],"ix":3},"r":{"a":0,"k":0,"ix":6},"o":{"a":0,"k":100,"ix":7},"sk":{"a":0,"k":0,"ix":4},"sa":{"a":0,"k":0,"ix":5},"nm":"Transform"}],"nm":"Group 1","np":2,"cix":2,"bm":0,"ix":1,"mn":"ADBE Vector Group","hd":false}],"ip":0,"op":250,"st":0,"bm":0},{"ddd":0,"ind":28,"ty":4,"nm":"Shape Layer 22","parent":21,"sr":1,"ks":{"o":{"a":0,"k":100,"ix":11},"r":{"a":0,"k":0,"ix":10},"p":{"a":0,"k":[-7.459,-0.523,0],"ix":2},"a":{"a":0,"k":[14.518,22.729,0],"ix":1},"s":{"a":0,"k":[100,100,100],"ix":6}},"ao":0,"shapes":[{"ty":"gr","it":[{"ty":"gr","it":[{"ind":0,"ty":"sh","ix":1,"ks":{"a":0,"k":{"i":[[0,0],[0,0],[0,0]],"o":[[0.218,-0.811],[-22.43,-6.231],[-8.661,31.695]],"v":[[10.948,17.622],[11.839,15.373],[-5.142,-17.622]],"c":true},"ix":2},"nm":"Path 2","mn":"ADBE Vector Shape - Group","hd":false},{"ty":"tr","p":{"a":0,"k":[0,0],"ix":2},"a":{"a":0,"k":[0,0],"ix":1},"s":{"a":0,"k":[100,100],"ix":3},"r":{"a":0,"k":0,"ix":6},"o":{"a":0,"k":100,"ix":7},"sk":{"a":0,"k":0,"ix":4},"sa":{"a":0,"k":0,"ix":5},"nm":"Transform"}],"nm":"Group 1","np":1,"cix":2,"bm":0,"ix":1,"mn":"ADBE Vector Group","hd":false},{"ty":"fl","c":{"a":0,"k":[0.783999992819,0.522000002394,0.118000000598,1],"ix":4},"o":{"a":0,"k":100,"ix":5},"r":1,"bm":0,"nm":"Fill 1","mn":"ADBE Vector Graphic - Fill","hd":false},{"ty":"tr","p":{"a":0,"k":[12.089,22.729],"ix":2},"a":{"a":0,"k":[0,0],"ix":1},"s":{"a":0,"k":[100,100],"ix":3},"r":{"a":0,"k":0,"ix":6},"o":{"a":0,"k":100,"ix":7},"sk":{"a":0,"k":0,"ix":4},"sa":{"a":0,"k":0,"ix":5},"nm":"Transform"}],"nm":"Group 1","np":2,"cix":2,"bm":0,"ix":1,"mn":"ADBE Vector Group","hd":false}],"ip":0,"op":250,"st":0,"bm":0},{"ddd":0,"ind":29,"ty":4,"nm":"Shape Layer 23","parent":21,"sr":1,"ks":{"o":{"a":0,"k":100,"ix":11},"r":{"a":0,"k":0,"ix":10},"p":{"a":0,"k":[0,0.485,0],"ix":2},"a":{"a":0,"k":[23.319,18.947,0],"ix":1},"s":{"a":0,"k":[100,100,100],"ix":6}},"ao":0,"shapes":[{"ty":"gr","it":[{"ty":"gr","it":[{"ind":0,"ty":"sh","ix":1,"ks":{"a":0,"k":{"i":[[-26.931,-3.973],[0,0],[0,0]],"o":[[15.092,2.227],[0,0],[0,0]],"v":[[4.176,16.307],[22.756,1.236],[-14.577,-18.535]],"c":true},"ix":2},"nm":"Path 4","mn":"ADBE Vector Shape - Group","hd":false},{"ty":"tr","p":{"a":0,"k":[0,0],"ix":2},"a":{"a":0,"k":[0,0],"ix":1},"s":{"a":0,"k":[100,100],"ix":3},"r":{"a":0,"k":0,"ix":6},"o":{"a":0,"k":100,"ix":7},"sk":{"a":0,"k":0,"ix":4},"sa":{"a":0,"k":0,"ix":5},"nm":"Transform"}],"nm":"Group 1","np":1,"cix":2,"bm":0,"ix":1,"mn":"ADBE Vector Group","hd":false},{"ty":"fl","c":{"a":0,"k":[1,0.78431372549,0.203921568627,1],"ix":4},"o":{"a":0,"k":100,"ix":5},"r":1,"bm":0,"nm":"Fill 1","mn":"ADBE Vector Graphic - Fill","hd":false},{"ty":"tr","p":{"a":0,"k":[22.926,19.147],"ix":2},"a":{"a":0,"k":[0,0],"ix":1},"s":{"a":0,"k":[100,100],"ix":3},"r":{"a":0,"k":0,"ix":6},"o":{"a":0,"k":100,"ix":7},"sk":{"a":0,"k":0,"ix":4},"sa":{"a":0,"k":0,"ix":5},"nm":"Transform"}],"nm":"Group 1","np":2,"cix":2,"bm":0,"ix":1,"mn":"ADBE Vector Group","hd":false}],"ip":0,"op":250,"st":0,"bm":0},{"ddd":0,"ind":30,"ty":4,"nm":"Shape Layer 24","sr":1,"ks":{"o":{"a":0,"k":100,"ix":11},"r":{"a":0,"k":0,"ix":10},"p":{"a":0,"k":[556.108,1177.301,0],"ix":2},"a":{"a":0,"k":[28.177,54.411,0],"ix":1},"s":{"a":0,"k":[100,100,100],"ix":6}},"ao":0,"shapes":[{"ty":"gr","it":[{"ty":"gr","it":[{"ind":0,"ty":"sh","ix":1,"ks":{"a":0,"k":{"i":[[-5.498,-43.999],[-21.036,10.58],[0,0],[10.267,0]],"o":[[0,0],[15.178,-7.632],[0,0],[-16.502,-0.002]],"v":[[-22.482,-1.415],[2.345,43.268],[27.981,-50.584],[8.98,-53.847]],"c":true},"ix":2},"nm":"Path 4","mn":"ADBE Vector Shape - Group","hd":false},{"ty":"tr","p":{"a":0,"k":[0,0],"ix":2},"a":{"a":0,"k":[0,0],"ix":1},"s":{"a":0,"k":[100,100],"ix":3},"r":{"a":0,"k":0,"ix":6},"o":{"a":0,"k":100,"ix":7},"sk":{"a":0,"k":0,"ix":4},"sa":{"a":0,"k":0,"ix":5},"nm":"Transform"}],"nm":"Group 1","np":1,"cix":2,"bm":0,"ix":1,"mn":"ADBE Vector Group","hd":false},{"ty":"fl","c":{"a":0,"k":[1,0.776470588235,0.18431372549,1],"ix":4},"o":{"a":0,"k":100,"ix":5},"r":1,"bm":0,"nm":"Fill 1","mn":"ADBE Vector Graphic - Fill","hd":false},{"ty":"tr","p":{"a":0,"k":[28.016,54.687],"ix":2},"a":{"a":0,"k":[0,0],"ix":1},"s":{"a":0,"k":[100,100],"ix":3},"r":{"a":0,"k":0,"ix":6},"o":{"a":0,"k":100,"ix":7},"sk":{"a":0,"k":0,"ix":4},"sa":{"a":0,"k":0,"ix":5},"nm":"Transform"}],"nm":"Group 1","np":2,"cix":2,"bm":0,"ix":1,"mn":"ADBE Vector Group","hd":false}],"ip":0,"op":250,"st":0,"bm":0},{"ddd":0,"ind":31,"ty":4,"nm":"Shape Layer 25","sr":1,"ks":{"o":{"a":0,"k":100,"ix":11},"r":{"a":0,"k":0,"ix":10},"p":{"a":0,"k":[599.345,1180.216,0],"ix":2},"a":{"a":0,"k":[28.663,55.382,0],"ix":1},"s":{"a":0,"k":[100,100,100],"ix":6}},"ao":0,"shapes":[{"ty":"gr","it":[{"ty":"gr","it":[{"ind":0,"ty":"sh","ix":1,"ks":{"a":0,"k":{"i":[[0,0],[-14.125,-9.312],[0,0],[17.036,0]],"o":[[0,0],[19.576,12.908],[12.311,-48.606],[-7.444,0]],"v":[[-28.017,-53.806],[-14.186,42.309],[16,0.779],[-14.866,-55.217]],"c":true},"ix":2},"nm":"Path 4","mn":"ADBE Vector Shape - Group","hd":false},{"ty":"tr","p":{"a":0,"k":[0,0],"ix":2},"a":{"a":0,"k":[0,0],"ix":1},"s":{"a":0,"k":[100,100],"ix":3},"r":{"a":0,"k":0,"ix":6},"o":{"a":0,"k":100,"ix":7},"sk":{"a":0,"k":0,"ix":4},"sa":{"a":0,"k":0,"ix":5},"nm":"Transform"}],"nm":"Group 1","np":1,"cix":2,"bm":0,"ix":1,"mn":"ADBE Vector Group","hd":false},{"ty":"fl","c":{"a":0,"k":[1,0.776470588235,0.18431372549,1],"ix":4},"o":{"a":0,"k":100,"ix":5},"r":1,"bm":0,"nm":"Fill 1","mn":"ADBE Vector Graphic - Fill","hd":false},{"ty":"tr","p":{"a":0,"k":[28.588,55.239],"ix":2},"a":{"a":0,"k":[0,0],"ix":1},"s":{"a":0,"k":[100,100],"ix":3},"r":{"a":0,"k":0,"ix":6},"o":{"a":0,"k":100,"ix":7},"sk":{"a":0,"k":0,"ix":4},"sa":{"a":0,"k":0,"ix":5},"nm":"Transform"}],"nm":"Group 1","np":2,"cix":2,"bm":0,"ix":1,"mn":"ADBE Vector Group","hd":false}],"ip":0,"op":250,"st":0,"bm":0},{"ddd":0,"ind":32,"ty":4,"nm":"Shape Layer 26","sr":1,"ks":{"o":{"a":0,"k":100,"ix":11},"r":{"a":1,"k":[{"i":{"x":[0.325],"y":[1]},"o":{"x":[0.333],"y":[0]},"t":0,"s":[0]},{"i":{"x":[0.667],"y":[1]},"o":{"x":[0.333],"y":[0]},"t":20,"s":[-21]},{"i":{"x":[0.334],"y":[1]},"o":{"x":[0.333],"y":[0]},"t":50,"s":[-21]},{"i":{"x":[0.667],"y":[1]},"o":{"x":[0.333],"y":[0]},"t":70,"s":[0]},{"i":{"x":[0.325],"y":[1]},"o":{"x":[0.333],"y":[0]},"t":100,"s":[0]},{"i":{"x":[0.667],"y":[1]},"o":{"x":[0.333],"y":[0]},"t":120,"s":[-21]},{"i":{"x":[0.334],"y":[1]},"o":{"x":[0.333],"y":[0]},"t":150,"s":[-21]},{"t":170,"s":[0]}],"ix":10},"p":{"a":1,"k":[{"i":{"x":0.325,"y":1},"o":{"x":0.333,"y":0},"t":0,"s":[610.965,1124.678,0],"to":[0,-0.667,0],"ti":[0,0.667,0]},{"i":{"x":0.667,"y":0.667},"o":{"x":0.333,"y":0.333},"t":20,"s":[610.965,1120.678,0],"to":[0,0,0],"ti":[0,0,0]},{"i":{"x":0.334,"y":1},"o":{"x":0.333,"y":0},"t":50,"s":[610.965,1120.678,0],"to":[0,0.667,0],"ti":[0,-0.667,0]},{"i":{"x":0.667,"y":0.667},"o":{"x":0.333,"y":0.333},"t":70,"s":[610.966,1124.678,0],"to":[0,0,0],"ti":[0,0,0]},{"i":{"x":0.325,"y":1},"o":{"x":0.333,"y":0},"t":100,"s":[610.966,1124.678,0],"to":[0,-0.667,0],"ti":[0,0.667,0]},{"i":{"x":0.667,"y":0.667},"o":{"x":0.333,"y":0.333},"t":120,"s":[610.966,1120.678,0],"to":[0,0,0],"ti":[0,0,0]},{"i":{"x":0.334,"y":1},"o":{"x":0.333,"y":0},"t":150,"s":[610.966,1120.678,0],"to":[0,0.667,0],"ti":[0,-0.667,0]},{"t":170,"s":[610.966,1124.678,0]}],"ix":2},"a":{"a":0,"k":[15.992,20.248,0],"ix":1},"s":{"a":0,"k":[100,100,100],"ix":6}},"ao":0,"shapes":[{"ty":"gr","it":[{"ty":"gr","it":[{"ind":0,"ty":"sh","ix":1,"ks":{"a":0,"k":{"i":[[4.919,-7.92],[1.768,-4.232],[-20.486,5.153],[-0.384,8.033],[0.515,0.536],[5.965,1.545],[5.937,3.103],[2.246,3.826]],"o":[[-3.092,4.979],[7.86,5.704],[1.411,-0.355],[0.161,-3.358],[-2.895,-3.002],[-0.002,0],[-9.691,-5.068],[-4.595,4.484]],"v":[[-26.694,-6.861],[-33.885,7.1],[14.127,20.206],[33.724,7.178],[30.441,0.25],[18.287,-4.59],[5.323,-8.849],[-11.828,-25.36]],"c":true},"ix":2},"nm":"Path 4","mn":"ADBE Vector Shape - Group","hd":false},{"ty":"tr","p":{"a":0,"k":[0,0],"ix":2},"a":{"a":0,"k":[0,0],"ix":1},"s":{"a":0,"k":[100,100],"ix":3},"r":{"a":0,"k":0,"ix":6},"o":{"a":0,"k":100,"ix":7},"sk":{"a":0,"k":0,"ix":4},"sa":{"a":0,"k":0,"ix":5},"nm":"Transform"}],"nm":"Group 1","np":1,"cix":2,"bm":0,"ix":1,"mn":"ADBE Vector Group","hd":false},{"ty":"fl","c":{"a":0,"k":[1,0.8,0.235294117647,1],"ix":4},"o":{"a":0,"k":100,"ix":5},"r":1,"bm":0,"nm":"Fill 1","mn":"ADBE Vector Graphic - Fill","hd":false},{"ty":"tr","p":{"a":0,"k":[34.649,25.706],"ix":2},"a":{"a":0,"k":[0,0],"ix":1},"s":{"a":0,"k":[100,100],"ix":3},"r":{"a":0,"k":0,"ix":6},"o":{"a":0,"k":100,"ix":7},"sk":{"a":0,"k":0,"ix":4},"sa":{"a":0,"k":0,"ix":5},"nm":"Transform"}],"nm":"Group 1","np":2,"cix":2,"bm":0,"ix":1,"mn":"ADBE Vector Group","hd":false}],"ip":0,"op":250,"st":0,"bm":0},{"ddd":0,"ind":33,"ty":4,"nm":"Shape Layer 27","sr":1,"ks":{"o":{"a":0,"k":100,"ix":11},"r":{"a":1,"k":[{"i":{"x":[0.325],"y":[1]},"o":{"x":[0.333],"y":[0]},"t":0,"s":[0]},{"i":{"x":[0.667],"y":[1]},"o":{"x":[0.333],"y":[0]},"t":20,"s":[-14]},{"i":{"x":[0.334],"y":[1]},"o":{"x":[0.333],"y":[0]},"t":50,"s":[-14]},{"i":{"x":[0.667],"y":[1]},"o":{"x":[0.333],"y":[0]},"t":70,"s":[0]},{"i":{"x":[0.325],"y":[1]},"o":{"x":[0.333],"y":[0]},"t":100,"s":[0]},{"i":{"x":[0.667],"y":[1]},"o":{"x":[0.333],"y":[0]},"t":120,"s":[-14]},{"i":{"x":[0.334],"y":[1]},"o":{"x":[0.333],"y":[0]},"t":150,"s":[-14]},{"t":170,"s":[0]}],"ix":10},"p":{"a":1,"k":[{"i":{"x":0.325,"y":1},"o":{"x":0.333,"y":0},"t":0,"s":[546.817,1106.221,0],"to":[0,0.833,0],"ti":[0,-0.833,0]},{"i":{"x":0.667,"y":0.667},"o":{"x":0.333,"y":0.333},"t":20,"s":[546.817,1111.221,0],"to":[0,0,0],"ti":[0,0,0]},{"i":{"x":0.334,"y":1},"o":{"x":0.333,"y":0},"t":50,"s":[546.817,1111.221,0],"to":[0,-0.833,0],"ti":[0,0.833,0]},{"i":{"x":0.667,"y":0.667},"o":{"x":0.333,"y":0.333},"t":70,"s":[546.818,1106.22,0],"to":[0,0,0],"ti":[0,0,0]},{"i":{"x":0.325,"y":1},"o":{"x":0.333,"y":0},"t":100,"s":[546.818,1106.22,0],"to":[0,0.833,0],"ti":[0,-0.833,0]},{"i":{"x":0.667,"y":0.667},"o":{"x":0.333,"y":0.333},"t":120,"s":[546.818,1111.22,0],"to":[0,0,0],"ti":[0,0,0]},{"i":{"x":0.334,"y":1},"o":{"x":0.333,"y":0},"t":150,"s":[546.818,1111.22,0],"to":[0,-0.833,0],"ti":[0,0.833,0]},{"t":170,"s":[546.818,1106.22,0]}],"ix":2},"a":{"a":0,"k":[37.347,12.479,0],"ix":1},"s":{"a":0,"k":[100,100,100],"ix":6}},"ao":0,"shapes":[{"ty":"gr","it":[{"ind":0,"ty":"sh","ix":1,"ks":{"a":0,"k":{"i":[[5.388,-3.365],[4.235,-10.147],[0.02,-7.474],[0,0],[-3.343,-5.379],[-5.175,3.119],[3.094,9.908],[-3.098,4.769],[-1.118,0.102],[2.04,4.68],[1.199,3.963]],"o":[[-3.569,2.234],[-0.346,0.829],[0,0],[0.011,4.974],[5.071,8.163],[4.08,-2.457],[-0.126,-1.763],[4.764,-7.33],[-2.097,-3.593],[-2.025,-4.652],[-3.426,0.753]],"v":[[-33.593,449.439],[-49.492,467.035],[-52.198,481.194],[-52.198,481.375],[-47.797,497.402],[-26.958,510.321],[-25.684,488.929],[-22.826,477.524],[-8.606,469.197],[-14.909,456.783],[-19.685,443.788]],"c":true},"ix":2},"nm":"Path 4","mn":"ADBE Vector Shape - Group","hd":false},{"ty":"fl","c":{"a":0,"k":[1,0.8,0.235294117647,1],"ix":4},"o":{"a":0,"k":100,"ix":5},"r":1,"bm":0,"nm":"Fill 1","mn":"ADBE Vector Graphic - Fill","hd":false},{"ty":"tr","p":{"a":0,"k":[53.03,-443.742],"ix":2},"a":{"a":0,"k":[0,0],"ix":1},"s":{"a":0,"k":[100,100],"ix":3},"r":{"a":0,"k":0,"ix":6},"o":{"a":0,"k":100,"ix":7},"sk":{"a":0,"k":0,"ix":4},"sa":{"a":0,"k":0,"ix":5},"nm":"Transform"}],"nm":"Group 1","np":2,"cix":2,"bm":0,"ix":1,"mn":"ADBE Vector Group","hd":false}],"ip":0,"op":250,"st":0,"bm":0},{"ddd":0,"ind":34,"ty":4,"nm":"Shape Layer 28","parent":21,"sr":1,"ks":{"o":{"a":0,"k":100,"ix":11},"r":{"a":0,"k":0,"ix":10},"p":{"a":0,"k":[128.26,24.726,0],"ix":2},"a":{"a":0,"k":[19.073,18.829,0],"ix":1},"s":{"a":0,"k":[100,100,100],"ix":6}},"ao":0,"shapes":[{"ty":"gr","it":[{"ty":"gr","it":[{"ind":0,"ty":"sh","ix":1,"ks":{"a":0,"k":{"i":[[23.189,2.229],[0.096,-0.833],[-3.556,32.641]],"o":[[0,0],[0,0],[0,0]],"v":[[-13.965,8.517],[-13.961,10.934],[13.965,-16.151]],"c":true},"ix":2},"nm":"Path 2","mn":"ADBE Vector Shape - Group","hd":false},{"ty":"tr","p":{"a":0,"k":[0,0],"ix":2},"a":{"a":0,"k":[0,0],"ix":1},"s":{"a":0,"k":[100,100],"ix":3},"r":{"a":0,"k":0,"ix":6},"o":{"a":0,"k":100,"ix":7},"sk":{"a":0,"k":0,"ix":4},"sa":{"a":0,"k":0,"ix":5},"nm":"Transform"}],"nm":"Group 1","np":1,"cix":2,"bm":0,"ix":1,"mn":"ADBE Vector Group","hd":false},{"ty":"fl","c":{"a":0,"k":[0.783999992819,0.522000002394,0.118000000598,1],"ix":4},"o":{"a":0,"k":100,"ix":5},"r":1,"bm":0,"nm":"Fill 1","mn":"ADBE Vector Graphic - Fill","hd":false},{"ty":"tr","p":{"a":0,"k":[19.073,21.257],"ix":2},"a":{"a":0,"k":[0,0],"ix":1},"s":{"a":0,"k":[100,100],"ix":3},"r":{"a":0,"k":0,"ix":6},"o":{"a":0,"k":100,"ix":7},"sk":{"a":0,"k":0,"ix":4},"sa":{"a":0,"k":0,"ix":5},"nm":"Transform"}],"nm":"Group 1","np":2,"cix":2,"bm":0,"ix":1,"mn":"ADBE Vector Group","hd":false}],"ip":0,"op":250,"st":0,"bm":0},{"ddd":0,"ind":35,"ty":4,"nm":"Shape Layer 29","parent":21,"sr":1,"ks":{"o":{"a":0,"k":100,"ix":11},"r":{"a":0,"k":0,"ix":10},"p":{"a":0,"k":[119.51,27.205,0],"ix":2},"a":{"a":0,"k":[23.319,16.518,0],"ix":1},"s":{"a":0,"k":[100,100,100],"ix":6}},"ao":0,"shapes":[{"ty":"gr","it":[{"ty":"gr","it":[{"ind":0,"ty":"sh","ix":1,"ks":{"a":0,"k":{"i":[[0,0],[-14.884,-3.332],[0,0]],"o":[[0,0],[26.559,5.94],[0,0]],"v":[[-19.476,-10.794],[-7.689,9.908],[22.573,-15.848]],"c":true},"ix":2},"nm":"Path 4","mn":"ADBE Vector Shape - Group","hd":false},{"ty":"tr","p":{"a":0,"k":[0,0],"ix":2},"a":{"a":0,"k":[0,0],"ix":1},"s":{"a":0,"k":[100,100],"ix":3},"r":{"a":0,"k":0,"ix":6},"o":{"a":0,"k":100,"ix":7},"sk":{"a":0,"k":0,"ix":4},"sa":{"a":0,"k":0,"ix":5},"nm":"Transform"}],"nm":"Group 1","np":1,"cix":2,"bm":0,"ix":1,"mn":"ADBE Vector Group","hd":false},{"ty":"fl","c":{"a":0,"k":[1,0.78431372549,0.203921568627,1],"ix":4},"o":{"a":0,"k":100,"ix":5},"r":1,"bm":0,"nm":"Fill 1","mn":"ADBE Vector Graphic - Fill","hd":false},{"ty":"tr","p":{"a":0,"k":[23.296,16.421],"ix":2},"a":{"a":0,"k":[0,0],"ix":1},"s":{"a":0,"k":[100,100],"ix":3},"r":{"a":0,"k":0,"ix":6},"o":{"a":0,"k":100,"ix":7},"sk":{"a":0,"k":0,"ix":4},"sa":{"a":0,"k":0,"ix":5},"nm":"Transform"}],"nm":"Group 1","np":2,"cix":2,"bm":0,"ix":1,"mn":"ADBE Vector Group","hd":false}],"ip":0,"op":250,"st":0,"bm":0},{"ddd":0,"ind":36,"ty":4,"nm":"Shape Layer 30","sr":1,"ks":{"o":{"a":0,"k":100,"ix":11},"r":{"a":0,"k":0,"ix":10},"p":{"a":0,"k":[587.55,1219.504,0],"ix":2},"a":{"a":0,"k":[70.897,13.367,0],"ix":1},"s":{"a":0,"k":[100,100,100],"ix":6}},"ao":0,"shapes":[{"ty":"gr","it":[{"ind":0,"ty":"sh","ix":1,"ks":{"a":0,"k":{"i":[[0,-4.561],[-35.846,0],[0,4.561],[35.845,0]],"o":[[0,4.561],[35.845,0],[0,-4.561],[-35.846,0]],"v":[[-37.91,573.39],[26.994,581.65],[91.897,573.39],[26.994,565.132]],"c":true},"ix":2},"nm":"Path 2","mn":"ADBE Vector Shape - Group","hd":false},{"ty":"fl","c":{"a":0,"k":[0.57599995931,0.752999997606,0.388000009574,1],"ix":4},"o":{"a":0,"k":100,"ix":5},"r":1,"bm":0,"nm":"Fill 1","mn":"ADBE Vector Graphic - Fill","hd":false},{"ty":"tr","p":{"a":0,"k":[45.847,-556.137],"ix":2},"a":{"a":0,"k":[0,0],"ix":1},"s":{"a":0,"k":[100,100],"ix":3},"r":{"a":0,"k":0,"ix":6},"o":{"a":0,"k":100,"ix":7},"sk":{"a":0,"k":0,"ix":4},"sa":{"a":0,"k":0,"ix":5},"nm":"Transform"}],"nm":"Group 1","np":2,"cix":2,"bm":0,"ix":1,"mn":"ADBE Vector Group","hd":false}],"ip":0,"op":250,"st":0,"bm":0},{"ddd":0,"ind":37,"ty":4,"nm":"Shape Layer 34","sr":1,"ks":{"o":{"a":0,"k":100,"ix":11},"r":{"a":0,"k":0,"ix":10},"p":{"a":1,"k":[{"i":{"x":0.833,"y":0.833},"o":{"x":0.167,"y":0.167},"t":-164,"s":[-53,943.5,0],"to":[206.833,0,0],"ti":[-206.833,0,0]},{"t":36,"s":[1188,943.5,0]}],"ix":2},"a":{"a":0,"k":[54.75,15.75,0],"ix":1},"s":{"a":0,"k":[100,100,100],"ix":6}},"ao":0,"shapes":[{"ty":"gr","it":[{"ind":0,"ty":"sh","ix":1,"ks":{"a":0,"k":{"i":[[3.797,-1.064],[5.868,-6.485],[-17.82,-0.249],[-14.982,-0.358],[1.975,1.794],[1.999,1.502],[3.3,-0.221],[2.872,-2.825],[15.131,0.001]],"o":[[-12.052,3.384],[17.822,0.04],[14.981,0.209],[-4.21,-0.183],[-1.586,-1.438],[-1.84,-1.383],[-1.412,0.097],[-5.704,-4.953],[-3.472,0]],"v":[[125.685,232.522],[98.5,250.702],[151.964,251.134],[196.906,251.986],[187.758,248.103],[183.681,244.21],[175.979,241.179],[169.182,244.643],[136.604,231]],"c":true},"ix":2},"nm":"Path 2","mn":"ADBE Vector Shape - Group","hd":false},{"ty":"fl","c":{"a":0,"k":[0.984000052658,0.984000052658,0.995999983245,1],"ix":4},"o":{"a":0,"k":100,"ix":5},"r":1,"bm":0,"nm":"Fill 1","mn":"ADBE Vector Graphic - Fill","hd":false},{"ty":"tr","p":{"a":0,"k":[-93.25,-225.75],"ix":2},"a":{"a":0,"k":[0,0],"ix":1},"s":{"a":0,"k":[100,100],"ix":3},"r":{"a":0,"k":0,"ix":6},"o":{"a":0,"k":100,"ix":7},"sk":{"a":0,"k":0,"ix":4},"sa":{"a":0,"k":0,"ix":5},"nm":"Transform"}],"nm":"Group 1","np":2,"cix":2,"bm":0,"ix":1,"mn":"ADBE Vector Group","hd":false}],"ip":0,"op":37,"st":-164,"bm":0},{"ddd":0,"ind":38,"ty":4,"nm":"Shape Layer 32","sr":1,"ks":{"o":{"a":0,"k":100,"ix":11},"r":{"a":0,"k":0,"ix":10},"p":{"a":1,"k":[{"i":{"x":0.833,"y":0.833},"o":{"x":0.167,"y":0.167},"t":37,"s":[-53,943.5,0],"to":[206.833,0,0],"ti":[-206.833,0,0]},{"t":237,"s":[1188,943.5,0]}],"ix":2},"a":{"a":0,"k":[54.75,15.75,0],"ix":1},"s":{"a":0,"k":[100,100,100],"ix":6}},"ao":0,"shapes":[{"ty":"gr","it":[{"ind":0,"ty":"sh","ix":1,"ks":{"a":0,"k":{"i":[[3.797,-1.064],[5.868,-6.485],[-17.82,-0.249],[-14.982,-0.358],[1.975,1.794],[1.999,1.502],[3.3,-0.221],[2.872,-2.825],[15.131,0.001]],"o":[[-12.052,3.384],[17.822,0.04],[14.981,0.209],[-4.21,-0.183],[-1.586,-1.438],[-1.84,-1.383],[-1.412,0.097],[-5.704,-4.953],[-3.472,0]],"v":[[125.685,232.522],[98.5,250.702],[151.964,251.134],[196.906,251.986],[187.758,248.103],[183.681,244.21],[175.979,241.179],[169.182,244.643],[136.604,231]],"c":true},"ix":2},"nm":"Path 2","mn":"ADBE Vector Shape - Group","hd":false},{"ty":"fl","c":{"a":0,"k":[0.984000052658,0.984000052658,0.995999983245,1],"ix":4},"o":{"a":0,"k":100,"ix":5},"r":1,"bm":0,"nm":"Fill 1","mn":"ADBE Vector Graphic - Fill","hd":false},{"ty":"tr","p":{"a":0,"k":[-93.25,-225.75],"ix":2},"a":{"a":0,"k":[0,0],"ix":1},"s":{"a":0,"k":[100,100],"ix":3},"r":{"a":0,"k":0,"ix":6},"o":{"a":0,"k":100,"ix":7},"sk":{"a":0,"k":0,"ix":4},"sa":{"a":0,"k":0,"ix":5},"nm":"Transform"}],"nm":"Group 1","np":2,"cix":2,"bm":0,"ix":1,"mn":"ADBE Vector Group","hd":false}],"ip":37,"op":201,"st":37,"bm":0},{"ddd":0,"ind":39,"ty":4,"nm":"Shape Layer 33","sr":1,"ks":{"o":{"a":0,"k":100,"ix":11},"r":{"a":0,"k":0,"ix":10},"p":{"a":1,"k":[{"i":{"x":0.833,"y":0.833},"o":{"x":0.167,"y":0.167},"t":-124,"s":[-53,891.5,0],"to":[206.833,0,0],"ti":[-206.833,0,0]},{"t":76,"s":[1188,891.5,0]}],"ix":2},"a":{"a":0,"k":[54.75,15.75,0],"ix":1},"s":{"a":0,"k":[100,100,100],"ix":6}},"ao":0,"shapes":[{"ty":"gr","it":[{"ind":0,"ty":"sh","ix":1,"ks":{"a":0,"k":{"i":[[3.797,-1.064],[5.868,-6.485],[-17.82,-0.249],[-14.982,-0.358],[1.975,1.794],[1.999,1.502],[3.3,-0.221],[2.872,-2.825],[15.131,0.001]],"o":[[-12.052,3.384],[17.822,0.04],[14.981,0.209],[-4.21,-0.183],[-1.586,-1.438],[-1.84,-1.383],[-1.412,0.097],[-5.704,-4.953],[-3.472,0]],"v":[[125.685,232.522],[98.5,250.702],[151.964,251.134],[196.906,251.986],[187.758,248.103],[183.681,244.21],[175.979,241.179],[169.182,244.643],[136.604,231]],"c":true},"ix":2},"nm":"Path 2","mn":"ADBE Vector Shape - Group","hd":false},{"ty":"fl","c":{"a":0,"k":[0.984000052658,0.984000052658,0.995999983245,1],"ix":4},"o":{"a":0,"k":100,"ix":5},"r":1,"bm":0,"nm":"Fill 1","mn":"ADBE Vector Graphic - Fill","hd":false},{"ty":"tr","p":{"a":0,"k":[-93.25,-225.75],"ix":2},"a":{"a":0,"k":[0,0],"ix":1},"s":{"a":0,"k":[100,100],"ix":3},"r":{"a":0,"k":0,"ix":6},"o":{"a":0,"k":100,"ix":7},"sk":{"a":0,"k":0,"ix":4},"sa":{"a":0,"k":0,"ix":5},"nm":"Transform"}],"nm":"Group 1","np":2,"cix":2,"bm":0,"ix":1,"mn":"ADBE Vector Group","hd":false}],"ip":0,"op":77,"st":-124,"bm":0},{"ddd":0,"ind":40,"ty":4,"nm":"Shape Layer 31","sr":1,"ks":{"o":{"a":0,"k":100,"ix":11},"r":{"a":0,"k":0,"ix":10},"p":{"a":1,"k":[{"i":{"x":0.833,"y":0.833},"o":{"x":0.167,"y":0.167},"t":77,"s":[-53,891.5,0],"to":[206.833,0,0],"ti":[-206.833,0,0]},{"t":277,"s":[1188,891.5,0]}],"ix":2},"a":{"a":0,"k":[54.75,15.75,0],"ix":1},"s":{"a":0,"k":[100,100,100],"ix":6}},"ao":0,"shapes":[{"ty":"gr","it":[{"ind":0,"ty":"sh","ix":1,"ks":{"a":0,"k":{"i":[[3.797,-1.064],[5.868,-6.485],[-17.82,-0.249],[-14.982,-0.358],[1.975,1.794],[1.999,1.502],[3.3,-0.221],[2.872,-2.825],[15.131,0.001]],"o":[[-12.052,3.384],[17.822,0.04],[14.981,0.209],[-4.21,-0.183],[-1.586,-1.438],[-1.84,-1.383],[-1.412,0.097],[-5.704,-4.953],[-3.472,0]],"v":[[125.685,232.522],[98.5,250.702],[151.964,251.134],[196.906,251.986],[187.758,248.103],[183.681,244.21],[175.979,241.179],[169.182,244.643],[136.604,231]],"c":true},"ix":2},"nm":"Path 2","mn":"ADBE Vector Shape - Group","hd":false},{"ty":"fl","c":{"a":0,"k":[0.984000052658,0.984000052658,0.995999983245,1],"ix":4},"o":{"a":0,"k":100,"ix":5},"r":1,"bm":0,"nm":"Fill 1","mn":"ADBE Vector Graphic - Fill","hd":false},{"ty":"tr","p":{"a":0,"k":[-93.25,-225.75],"ix":2},"a":{"a":0,"k":[0,0],"ix":1},"s":{"a":0,"k":[100,100],"ix":3},"r":{"a":0,"k":0,"ix":6},"o":{"a":0,"k":100,"ix":7},"sk":{"a":0,"k":0,"ix":4},"sa":{"a":0,"k":0,"ix":5},"nm":"Transform"}],"nm":"Group 1","np":2,"cix":2,"bm":0,"ix":1,"mn":"ADBE Vector Group","hd":false}],"ip":77,"op":201,"st":77,"bm":0},{"ddd":0,"ind":41,"ty":2,"nm":"BG.png","cl":"png","refId":"image_1","sr":1,"ks":{"o":{"a":0,"k":100,"ix":11},"r":{"a":0,"k":0,"ix":10},"p":{"a":0,"k":[562.5,650,0],"ix":2},"a":{"a":0,"k":[562.5,650,0],"ix":1},"s":{"a":0,"k":[100.5,100,100],"ix":6}},"ao":0,"ip":0,"op":250,"st":0,"bm":0}],"markers":[]}